date,hour,energy_kWh
2017-11-01,00,0.11
2017-11-01,01,0.1
2017-11-01,02,0.11
2017-11-01,03,0.1
2017-11-01,04,0.12
2017-11-01,05,0.1
2017-11-01,06,0.1
2017-11-01,07,0.27
2017-11-01,08,0.36
2017-11-01,09,0.1
2017-11-01,10,0.11
2017-11-01,11,0.09
2017-11-01,12,0.1
2017-11-01,13,0.1
2017-11-01,14,0.09
2017-11-01,15,0.13
2017-11-01,16,0.09
2017-11-01,17,0.13
2017-11-01,18,0.16
2017-11-01,19,0.37
2017-11-01,20,0.47
2017-11-01,21,0.42
2017-11-01,22,1
2017-11-01,23,0.52
2017-11-02,00,0.12
2017-11-02,01,0.09
2017-11-02,02,0.11
2017-11-02,03,0.09
2017-11-02,04,0.1
2017-11-02,05,0.1
2017-11-02,06,0.09
2017-11-02,07,0.2
2017-11-02,08,0.29
2017-11-02,09,0.18
2017-11-02,10,0.12
2017-11-02,11,0.21
2017-11-02,12,0.31
2017-11-02,13,0.29
2017-11-02,14,0.13
2017-11-02,15,0.1
2017-11-02,16,0.13
2017-11-02,17,0.11
2017-11-02,18,1.69
2017-11-02,19,0.44
2017-11-02,20,0.33
2017-11-02,21,0.5
2017-11-02,22,0.44
2017-11-02,23,0.29
2017-11-03,00,0.28
2017-11-03,01,0.31
2017-11-03,02,0.28
2017-11-03,03,0.29
2017-11-03,04,0.42
2017-11-03,05,0.34
2017-11-03,06,0.27
2017-11-03,07,0.29
2017-11-03,08,0.17
2017-11-03,09,0.14
2017-11-03,10,0.41
2017-11-03,11,0.5
2017-11-03,12,0.75
2017-11-03,13,0.17
2017-11-03,14,0.08
2017-11-03,15,0.25
2017-11-03,16,0.39
2017-11-03,17,0.74
2017-11-03,18,0.4
2017-11-03,19,0.36
2017-11-03,20,0.43
2017-11-03,21,0.48
2017-11-03,22,0.43
2017-11-03,23,0.25
2017-11-04,00,0.11
2017-11-04,01,0.27
2017-11-04,02,0.3
2017-11-04,03,0.2
2017-11-04,04,0.19
2017-11-04,05,0.23
2017-11-04,06,0.13
2017-11-04,07,0.22
2017-11-04,08,0.1
2017-11-04,09,0.4
2017-11-04,10,0.61
2017-11-04,11,0.32
2017-11-04,12,1.04
2017-11-04,13,0.53
2017-11-04,14,0.25
2017-11-04,15,0.26
2017-11-04,16,0.51
2017-11-04,17,0.5
2017-11-04,18,0.34
2017-11-04,19,1.28
2017-11-04,20,0.39
2017-11-04,21,0.39
2017-11-04,22,0.41
2017-11-04,23,0.23
2017-11-05,00,0.11
2017-11-05,01,0.27
2017-11-05,02,0.21
2017-11-05,03,0.16
2017-11-05,04,0.34
2017-11-05,05,0.27
2017-11-05,06,0.1
2017-11-05,07,0.14
2017-11-05,08,0.15
2017-11-05,09,0.24
2017-11-05,10,0.41
2017-11-05,11,0.35
2017-11-05,12,0.23
2017-11-05,13,0.11
2017-11-05,14,0.11
2017-11-05,15,0.09
2017-11-05,16,0.1
2017-11-05,17,0.09
2017-11-05,18,0.09
2017-11-05,19,0.24
2017-11-05,20,0.19
2017-11-05,21,0.44
2017-11-05,22,0.4
2017-11-05,23,0.25
2017-11-06,00,0.25
2017-11-06,01,0.26
2017-11-06,02,0.25
2017-11-06,03,0.27
2017-11-06,04,0.32
2017-11-06,05,0.26
2017-11-06,06,0.17
2017-11-06,07,0.08
2017-11-06,08,0.25
2017-11-06,09,0.36
2017-11-06,10,0.38
2017-11-06,11,0.21
2017-11-06,12,0.41
2017-11-06,13,0.2
2017-11-06,14,0.19
2017-11-06,15,0.17
2017-11-06,16,0.7
2017-11-06,17,1.57
2017-11-06,18,0.73
2017-11-06,19,0.31
2017-11-06,20,0.34
2017-11-06,21,0.48
2017-11-06,22,0.43
2017-11-06,23,0.12
2017-11-07,00,0.18
2017-11-07,01,0.25
2017-11-07,02,0.21
2017-11-07,03,0.12
2017-11-07,04,0.23
2017-11-07,05,0.23
2017-11-07,06,0.1
2017-11-07,07,0.16
2017-11-07,08,0.29
2017-11-07,09,0.21
2017-11-07,10,0.13
2017-11-07,11,0.19
2017-11-07,12,0.11
2017-11-07,13,0.09
2017-11-07,14,0.22
2017-11-07,15,0.18
2017-11-07,16,0.1
2017-11-07,17,0.37
2017-11-07,18,1.17
2017-11-07,19,0.54
2017-11-07,20,0.48
2017-11-07,21,0.49
2017-11-07,22,0.47
2017-11-07,23,0.28
2017-11-08,00,0.1
2017-11-08,01,0.11
2017-11-08,02,0.22
2017-11-08,03,0.28
2017-11-08,04,0.1
2017-11-08,05,0.1
2017-11-08,06,0.17
2017-11-08,07,0.26
2017-11-08,08,0.17
2017-11-08,09,0.09
2017-11-08,10,0.1
2017-11-08,11,0.08
2017-11-08,12,0.11
2017-11-08,13,0.25
2017-11-08,14,0.29
2017-11-08,15,0.2
2017-11-08,16,0.2
2017-11-08,17,0.44
2017-11-08,18,0.48
2017-11-08,19,0.58
2017-11-08,20,0.41
2017-11-08,21,0.39
2017-11-08,22,0.27
2017-11-08,23,0.09
2017-11-09,00,0.1
2017-11-09,01,0.09
2017-11-09,02,0.09
2017-11-09,03,0.1
2017-11-09,04,0.08
2017-11-09,05,0.1
2017-11-09,06,0.08
2017-11-09,07,0.16
2017-11-09,08,0.13
2017-11-09,09,0.09
2017-11-09,10,0.1
2017-11-09,11,0.08
2017-11-09,12,0.1
2017-11-09,13,0.08
2017-11-09,14,0.09
2017-11-09,15,0.09
2017-11-09,16,0.1
2017-11-09,17,0.29
2017-11-09,18,0.45
2017-11-09,19,0.33
2017-11-09,20,0.17
2017-11-09,21,0.43
2017-11-09,22,0.33
2017-11-09,23,0.3
2017-11-10,00,0.11
2017-11-10,01,0.1
2017-11-10,02,0.1
2017-11-10,03,0.09
2017-11-10,04,0.1
2017-11-10,05,0.09
2017-11-10,06,0.09
2017-11-10,07,0.1
2017-11-10,08,0.23
2017-11-10,09,0.22
2017-11-10,10,0.35
2017-11-10,11,0.22
2017-11-10,12,0.21
2017-11-10,13,0.23
2017-11-10,14,0.32
2017-11-10,15,0.26
2017-11-10,16,0.39
2017-11-10,17,0.9
2017-11-10,18,1.2
2017-11-10,19,0.29
2017-11-10,20,0.09
2017-11-10,21,0.1
2017-11-10,22,0.09
2017-11-10,23,0.19
2017-11-11,00,0.16
2017-11-11,01,0.11
2017-11-11,02,0.09
2017-11-11,03,0.11
2017-11-11,04,0.19
2017-11-11,05,0.11
2017-11-11,06,0.09
2017-11-11,07,0.09
2017-11-11,08,0.09
2017-11-11,09,0.36
2017-11-11,10,0.15
2017-11-11,11,0.08
2017-11-11,12,0.4
2017-11-11,13,0.49
2017-11-11,14,0.44
2017-11-11,15,0.43
2017-11-11,16,0.3
2017-11-11,17,0.54
2017-11-11,18,0.37
2017-11-11,19,0.68
2017-11-11,20,1.28
2017-11-11,21,0.3
2017-11-11,22,0.35
2017-11-11,23,0.34
2017-11-12,00,0.19
2017-11-12,01,0.1
2017-11-12,02,0.11
2017-11-12,03,0.11
2017-11-12,04,0.11
2017-11-12,05,0.09
2017-11-12,06,0.09
2017-11-12,07,0.1
2017-11-12,08,0.09
2017-11-12,09,0.09
2017-11-12,10,0.09
2017-11-12,11,0.11
2017-11-12,12,0.67
2017-11-12,13,0.37
2017-11-12,14,1.29
2017-11-12,15,1.29
2017-11-12,16,0.54
2017-11-12,17,0.71
2017-11-12,18,0.45
2017-11-12,19,0.42
2017-11-12,20,0.69
2017-11-12,21,0.96
2017-11-12,22,0.71
2017-11-12,23,0.34
2017-11-13,00,0.12
2017-11-13,01,0.1
2017-11-13,02,0.11
2017-11-13,03,0.09
2017-11-13,04,0.09
2017-11-13,05,0.18
2017-11-13,06,0.23
2017-11-13,07,0.18
2017-11-13,08,0.12
2017-11-13,09,0.13
2017-11-13,10,0.16
2017-11-13,11,0.14
2017-11-13,12,0.36
2017-11-13,13,0.25
2017-11-13,14,0.43
2017-11-13,15,0.35
2017-11-13,16,0.4
2017-11-13,17,0.31
2017-11-13,18,0.88
2017-11-13,19,0.71
2017-11-13,20,0.39
2017-11-13,21,0.59
2017-11-13,22,0.33
2017-11-13,23,0.25
2017-11-14,00,0.12
2017-11-14,01,0.2
2017-11-14,02,0.26
2017-11-14,03,0.1
2017-11-14,04,0.18
2017-11-14,05,0.13
2017-11-14,06,0.22
2017-11-14,07,0.19
2017-11-14,08,0.3
2017-11-14,09,0.09
2017-11-14,10,0.1
2017-11-14,11,0.11
2017-11-14,12,0.09
2017-11-14,13,0.09
2017-11-14,14,0.1
2017-11-14,15,0.09
2017-11-14,16,0.08
2017-11-14,17,0.11
2017-11-14,18,0.08
2017-11-14,19,0.28
2017-11-14,20,0.32
2017-11-14,21,0.33
2017-11-14,22,0.34
2017-11-14,23,0.39
2017-11-15,00,0.31
2017-11-15,01,0.2
2017-11-15,02,0.13
2017-11-15,03,0.12
2017-11-15,04,0.13
2017-11-15,05,0.11
2017-11-15,06,0.12
2017-11-15,07,0.11
2017-11-15,08,0.21
2017-11-15,09,0.09
2017-11-15,10,0.09
2017-11-15,11,0.1
2017-11-15,12,0.08
2017-11-15,13,0.09
2017-11-15,14,0.08
2017-11-15,15,0.09
2017-11-15,16,0.09
2017-11-15,17,0.1
2017-11-15,18,0.09
2017-11-15,19,0.08
2017-11-15,20,0.09
2017-11-15,21,0.2
2017-11-15,22,0.32
2017-11-15,23,0.27
2017-11-16,00,0.25
2017-11-16,01,0.25
2017-11-16,02,0.25
2017-11-16,03,0.25
2017-11-16,04,0.22
2017-11-16,05,0.08
2017-11-16,06,0.1
2017-11-16,07,0.16
2017-11-16,08,0.24
2017-11-16,09,0.1
2017-11-16,10,0.08
2017-11-16,11,0.09
2017-11-16,12,0.1
2017-11-16,13,0.08
2017-11-16,14,0.1
2017-11-16,15,0.09
2017-11-16,16,0.08
2017-11-16,17,0.1
2017-11-16,18,0.39
2017-11-16,19,0.67
2017-11-16,20,0.49
2017-11-16,21,0.34
2017-11-16,22,0.15
2017-11-16,23,0.11
2017-11-17,00,0.24
2017-11-17,01,0.1
2017-11-17,02,0.1
2017-11-17,03,0.19
2017-11-17,04,0.15
2017-11-17,05,0.09
2017-11-17,06,0.15
2017-11-17,07,0.27
2017-11-17,08,0.12
2017-11-17,09,0.09
2017-11-17,10,0.08
2017-11-17,11,0.09
2017-11-17,12,0.09
2017-11-17,13,0.08
2017-11-17,14,0.09
2017-11-17,15,0.09
2017-11-17,16,0.1
2017-11-17,17,0.16
2017-11-17,18,0.94
2017-11-17,19,0.56
2017-11-17,20,2.11
2017-11-17,21,0.7
2017-11-17,22,0.89
2017-11-17,23,0.29
2017-11-18,00,0.26
2017-11-18,01,0.19
2017-11-18,02,0.1
2017-11-18,03,0.1
2017-11-18,04,0.09
2017-11-18,05,0.09
2017-11-18,06,0.1
2017-11-18,07,0.14
2017-11-18,08,0.09
2017-11-18,09,0.1
2017-11-18,10,0.09
2017-11-18,11,0.09
2017-11-18,12,0.1
2017-11-18,13,0.08
2017-11-18,14,0.1
2017-11-18,15,0.13
2017-11-18,16,0.27
2017-11-18,17,0.64
2017-11-18,18,0.29
2017-11-18,19,0.1
2017-11-18,20,0.08
2017-11-18,21,0.1
2017-11-18,22,0.1
2017-11-18,23,0.1
2017-11-19,00,0.09
2017-11-19,01,0.09
2017-11-19,02,0.1
2017-11-19,03,0.08
2017-11-19,04,0.1
2017-11-19,05,0.1
2017-11-19,06,0.1
2017-11-19,07,0.1
2017-11-19,08,0.09
2017-11-19,09,0.1
2017-11-19,10,0.1
2017-11-19,11,0.13
2017-11-19,12,0.1
2017-11-19,13,0.48
2017-11-19,14,0.63
2017-11-19,15,0.52
2017-11-19,16,0.35
2017-11-19,17,0.78
2017-11-19,18,0.29
2017-11-19,19,0.33
2017-11-19,20,0.3
2017-11-19,21,0.25
2017-11-19,22,0.37
2017-11-19,23,0.5
2017-11-20,00,0.65
2017-11-20,01,0.31
2017-11-20,02,0.25
2017-11-20,03,0.3
2017-11-20,04,0.29
2017-11-20,05,0.27
2017-11-20,06,0.28
2017-11-20,07,0.36
2017-11-20,08,0.23
2017-11-20,09,0.09
2017-11-20,10,0.13
2017-11-20,11,0.2
2017-11-20,12,0.1
2017-11-20,13,0.14
2017-11-20,14,0.24
2017-11-20,15,0.36
2017-11-20,16,0.5
2017-11-20,17,1.76
2017-11-20,18,1.74
2017-11-20,19,0.51
2017-11-20,20,0.43
2017-11-20,21,0.52
2017-11-20,22,0.26
2017-11-20,23,0.22
2017-11-21,00,0.11
2017-11-21,01,0.11
2017-11-21,02,0.09
2017-11-21,03,0.15
2017-11-21,04,0.27
2017-11-21,05,0.27
2017-11-21,06,0.18
2017-11-21,07,0.23
2017-11-21,08,0.19
2017-11-21,09,0.11
2017-11-21,10,0.1
2017-11-21,11,0.1
2017-11-21,12,0.1
2017-11-21,13,0.12
2017-11-21,14,0.12
2017-11-21,15,0.14
2017-11-21,16,0.1
2017-11-21,17,0.31
2017-11-21,18,1.47
2017-11-21,19,1.07
2017-11-21,20,0.42
2017-11-21,21,0.31
2017-11-21,22,0.3
2017-11-21,23,0.22
2017-11-22,00,0.11
2017-11-22,01,0.1
2017-11-22,02,0.17
2017-11-22,03,0.21
2017-11-22,04,0.15
2017-11-22,05,0.2
2017-11-22,06,0.13
2017-11-22,07,0.14
2017-11-22,08,0.25
2017-11-22,09,0.11
2017-11-22,10,0.11
2017-11-22,11,0.09
2017-11-22,12,0.08
2017-11-22,13,0.11
2017-11-22,14,0.11
2017-11-22,15,0.1
2017-11-22,16,0.09
2017-11-22,17,0.12
2017-11-22,18,0.5
2017-11-22,19,0.66
2017-11-22,20,0.46
2017-11-22,21,0.27
2017-11-22,22,0.36
2017-11-22,23,0.25
2017-11-23,00,0.12
2017-11-23,01,0.12
2017-11-23,02,0.09
2017-11-23,03,0.11
2017-11-23,04,0.1
2017-11-23,05,0.08
2017-11-23,06,0.17
2017-11-23,07,0.08
2017-11-23,08,0.18
2017-11-23,09,0.08
2017-11-23,10,0.1
2017-11-23,11,0.08
2017-11-23,12,0.1
2017-11-23,13,0.08
2017-11-23,14,0.12
2017-11-23,15,0.08
2017-11-23,16,0.1
2017-11-23,17,0.75
2017-11-23,18,0.59
2017-11-23,19,0.84
2017-11-23,20,0.52
2017-11-23,21,0.35
2017-11-23,22,0.32
2017-11-23,23,0.14
2017-11-24,00,0.1
2017-11-24,01,0.08
2017-11-24,02,0.1
2017-11-24,03,0.08
2017-11-24,04,0.12
2017-11-24,05,0.08
2017-11-24,06,0.09
2017-11-24,07,0.12
2017-11-24,08,0.1
2017-11-24,09,0.08
2017-11-24,10,0.09
2017-11-24,11,0.08
2017-11-24,12,0.09
2017-11-24,13,0.11
2017-11-24,14,0.27
2017-11-24,15,0.25
2017-11-24,16,0.3
2017-11-24,17,0.5
2017-11-24,18,0.74
2017-11-24,19,0.68
2017-11-24,20,0.35
2017-11-24,21,0.8
2017-11-24,22,0.58
2017-11-24,23,0.33
2017-11-25,00,0.33
2017-11-25,01,0.19
2017-11-25,02,0.09
2017-11-25,03,0.1
2017-11-25,04,0.22
2017-11-25,05,0.14
2017-11-25,06,0.08
2017-11-25,07,0.09
2017-11-25,08,0.09
2017-11-25,09,0.13
2017-11-25,10,0.79
2017-11-25,11,0.35
2017-11-25,12,0.47
2017-11-25,13,0.46
2017-11-25,14,0.31
2017-11-25,15,0.24
2017-11-25,16,0.35
2017-11-25,17,0.25
2017-11-25,18,0.25
2017-11-25,19,0.25
2017-11-25,20,0.17
2017-11-25,21,0.25
2017-11-25,22,0.21
2017-11-25,23,0.12
2017-11-26,00,0.83
2017-11-26,01,2.31
2017-11-26,02,1.07
2017-11-26,03,0.21
2017-11-26,04,0.21
2017-11-26,05,0.1
2017-11-26,06,0.1
2017-11-26,07,0.1
2017-11-26,08,0.08
2017-11-26,09,0.1
2017-11-26,10,0.12
2017-11-26,11,0.29
2017-11-26,12,0.37
2017-11-26,13,0.46
2017-11-26,14,0.3
2017-11-26,15,0.22
2017-11-26,16,0.72
2017-11-26,17,2.22
2017-11-26,18,1.23
2017-11-26,19,0.65
2017-11-26,20,0.38
2017-11-26,21,1.75
2017-11-26,22,1.15
2017-11-26,23,0.19
2017-11-27,00,0.2
2017-11-27,01,0.24
2017-11-27,02,0.1
2017-11-27,03,0.08
2017-11-27,04,0.2
2017-11-27,05,0.25
2017-11-27,06,0.09
2017-11-27,07,0.12
2017-11-27,08,0.28
2017-11-27,09,0.09
2017-11-27,10,0.1
2017-11-27,11,0.09
2017-11-27,12,0.08
2017-11-27,13,0.18
2017-11-27,14,0.09
2017-11-27,15,0.1
2017-11-27,16,0.23
2017-11-27,17,0.2
2017-11-27,18,1.36
2017-11-27,19,1.06
2017-11-27,20,0.65
2017-11-27,21,0.66
2017-11-27,22,0.43
2017-11-27,23,0.41
2017-11-28,00,0.2
2017-11-28,01,0.26
2017-11-28,02,0.24
2017-11-28,03,0.1
2017-11-28,04,0.19
2017-11-28,05,0.25
2017-11-28,06,0.17
2017-11-28,07,0.13
2017-11-28,08,0.19
2017-11-28,09,0.12
2017-11-28,10,0.13
2017-11-28,11,0.18
2017-11-28,12,0.09
2017-11-28,13,0.1
2017-11-28,14,0.25
2017-11-28,15,0.13
2017-11-28,16,0.08
2017-11-28,17,0.4
2017-11-28,18,1.16
2017-11-28,19,0.73
2017-11-28,20,0.59
2017-11-28,21,0.69
2017-11-28,22,0.47
2017-11-28,23,0.34
2017-11-29,00,0.2
2017-11-29,01,0.24
2017-11-29,02,0.25
2017-11-29,03,0.27
2017-11-29,04,0.24
2017-11-29,05,0.24
2017-11-29,06,0.08
2017-11-29,07,0.13
2017-11-29,08,0.18
2017-11-29,09,0.09
2017-11-29,10,0.23
2017-11-29,11,0.1
2017-11-29,12,0.1
2017-11-29,13,0.2
2017-11-29,14,0.19
2017-11-29,15,0.11
2017-11-29,16,0.18
2017-11-29,17,0.17
2017-11-29,18,0.1
2017-11-29,19,0.76
2017-11-29,20,0.57
2017-11-29,21,0.37
2017-11-29,22,0.3
2017-11-29,23,0.35
2017-11-30,00,0.15
2017-11-30,01,0.28
2017-11-30,02,0.28
2017-11-30,03,0.3
2017-11-30,04,0.25
2017-11-30,05,0.11
2017-11-30,06,0.08
2017-11-30,07,0.14
2017-11-30,08,0.23
2017-11-30,09,0.1
2017-11-30,10,0.11
2017-11-30,11,0.2
2017-11-30,12,0.1
2017-11-30,13,0.1
2017-11-30,14,0.14
2017-11-30,15,0.3
2017-11-30,16,0.47
2017-11-30,17,0.49
2017-11-30,18,0.46
2017-11-30,19,0.47
2017-11-30,20,0.44
2017-11-30,21,0.81
2017-11-30,22,0.6
2017-11-30,23,0.36
2017-12-01,00,0.11
2017-12-01,01,0.25
2017-12-01,02,0.16
2017-12-01,03,0.11
2017-12-01,04,0.09
2017-12-01,05,0.28
2017-12-01,06,0.14
2017-12-01,07,0.17
2017-12-01,08,0.11
2017-12-01,09,0.14
2017-12-01,10,0.17
2017-12-01,11,0.08
2017-12-01,12,0.14
2017-12-01,13,0.2
2017-12-01,14,0.73
2017-12-01,15,1.18
2017-12-01,16,0.78
2017-12-01,17,0.68
2017-12-01,18,0.53
2017-12-01,19,0.3
2017-12-01,20,0.29
2017-12-01,21,0.36
2017-12-01,22,0.48
2017-12-01,23,0.87
2017-12-02,00,0.45
2017-12-02,01,0.33
2017-12-02,02,0.5
2017-12-02,03,0.33
2017-12-02,04,0.32
2017-12-02,05,0.41
2017-12-02,06,0.36
2017-12-02,07,0.18
2017-12-02,08,0.2
2017-12-02,09,0.34
2017-12-02,10,0.23
2017-12-02,11,0.44
2017-12-02,12,0.29
2017-12-02,13,0.4
2017-12-02,14,0.75
2017-12-02,15,0.47
2017-12-02,16,0.56
2017-12-02,17,0.44
2017-12-02,18,0.45
2017-12-02,19,0.55
2017-12-02,20,0.43
2017-12-02,21,0.97
2017-12-02,22,0.55
2017-12-02,23,0.59
2017-12-03,00,0.28
2017-12-03,01,0.9
2017-12-03,02,0.35
2017-12-03,03,0.26
2017-12-03,04,0.26
2017-12-03,05,0.13
2017-12-03,06,0.09
2017-12-03,07,0.24
2017-12-03,08,0.23
2017-12-03,09,0.11
2017-12-03,10,0.09
2017-12-03,11,0.4
2017-12-03,12,0.36
2017-12-03,13,0.55
2017-12-03,14,0.46
2017-12-03,15,0.46
2017-12-03,16,0.84
2017-12-03,17,0.34
2017-12-03,18,1.14
2017-12-03,19,0.96
2017-12-03,20,0.52
2017-12-03,21,0.2
2017-12-03,22,0.26
2017-12-03,23,0.13
2017-12-04,00,0.09
2017-12-04,01,0.27
2017-12-04,02,0.27
2017-12-04,03,0.12
2017-12-04,04,0.25
2017-12-04,05,0.13
2017-12-04,06,0.12
2017-12-04,07,0.16
2017-12-04,08,0.3
2017-12-04,09,0.1
2017-12-04,10,0.08
2017-12-04,11,0.09
2017-12-04,12,0.09
2017-12-04,13,0.08
2017-12-04,14,0.11
2017-12-04,15,0.09
2017-12-04,16,0.11
2017-12-04,17,0.37
2017-12-04,18,0.57
2017-12-04,19,0.45
2017-12-04,20,0.36
2017-12-04,21,1.63
2017-12-04,22,2.22
2017-12-04,23,0.51
2017-12-05,00,0.25
2017-12-05,01,0.25
2017-12-05,02,0.24
2017-12-05,03,0.24
2017-12-05,04,0.25
2017-12-05,05,0.23
2017-12-05,06,0.25
2017-12-05,07,0.28
2017-12-05,08,0.23
2017-12-05,09,0.09
2017-12-05,10,0.08
2017-12-05,11,0.1
2017-12-05,12,0.2
2017-12-05,13,0.11
2017-12-05,14,0.07
2017-12-05,15,0.1
2017-12-05,16,0.1
2017-12-05,17,0.23
2017-12-05,18,0.91
2017-12-05,19,0.69
2017-12-05,20,0.42
2017-12-05,21,0.43
2017-12-05,22,0.35
2017-12-05,23,0.31
2017-12-06,00,0.23
2017-12-06,01,0.25
2017-12-06,02,0.18
2017-12-06,03,0.09
2017-12-06,04,0.18
2017-12-06,05,0.24
2017-12-06,06,0.11
2017-12-06,07,0.16
2017-12-06,08,0.32
2017-12-06,09,0.08
2017-12-06,10,0.1
2017-12-06,11,0.08
2017-12-06,12,0.1
2017-12-06,13,0.08
2017-12-06,14,0.1
2017-12-06,15,0.08
2017-12-06,16,0.1
2017-12-06,17,0.35
2017-12-06,18,0.91
2017-12-06,19,0.34
2017-12-06,20,0.11
2017-12-06,21,0.37
2017-12-06,22,0.38
2017-12-06,23,0.29
2017-12-07,00,0.25
2017-12-07,01,0.26
2017-12-07,02,0.25
2017-12-07,03,0.25
2017-12-07,04,0.25
2017-12-07,05,0.24
2017-12-07,06,0.24
2017-12-07,07,0.19
2017-12-07,08,0.39
2017-12-07,09,0.11
2017-12-07,10,0.13
2017-12-07,11,0.24
2017-12-07,12,0.08
2017-12-07,13,0.11
2017-12-07,14,0.25
2017-12-07,15,0.15
2017-12-07,16,0.09
2017-12-07,17,
2017-12-07,18,1.54
2017-12-07,19,0.93
2017-12-07,20,0.44
2017-12-07,21,0.4
2017-12-07,22,0.51
2017-12-07,23,0.18
2017-12-08,00,0.24
2017-12-08,01,0.28
2017-12-08,02,0.25
2017-12-08,03,0.25
2017-12-08,04,0.25
2017-12-08,05,0.23
2017-12-08,06,0.25
2017-12-08,07,0.21
2017-12-08,08,0.37
2017-12-08,09,0.08
2017-12-08,10,0.25
2017-12-08,11,0.13
2017-12-08,12,0.11
2017-12-08,13,0.24
2017-12-08,14,0.13
2017-12-08,15,0.19
2017-12-08,16,0.22
2017-12-08,17,0.28
2017-12-08,18,0.14
2017-12-08,19,0.25
2017-12-08,20,0.17
2017-12-08,21,0.11
2017-12-08,22,0.23
2017-12-08,23,0.22
2017-12-09,00,0.08
2017-12-09,01,0.24
2017-12-09,02,0.23
2017-12-09,03,0.27
2017-12-09,04,0.23
2017-12-09,05,0.25
2017-12-09,06,0.23
2017-12-09,07,0.26
2017-12-09,08,0.1
2017-12-09,09,0.17
2017-12-09,10,0.15
2017-12-09,11,0.14
2017-12-09,12,0.27
2017-12-09,13,0.26
2017-12-09,14,0.23
2017-12-09,15,0.18
2017-12-09,16,0.36
2017-12-09,17,0.37
2017-12-09,18,0.43
2017-12-09,19,0.08
2017-12-09,20,0.21
2017-12-09,21,0.24
2017-12-09,22,0.13
2017-12-09,23,0.31
2017-12-10,00,0.31
2017-12-10,01,0.25
2017-12-10,02,0.19
2017-12-10,03,0.09
2017-12-10,04,0.12
2017-12-10,05,0.22
2017-12-10,06,0.14
2017-12-10,07,0.09
2017-12-10,08,0.19
2017-12-10,09,0.17
2017-12-10,10,0.1
2017-12-10,11,0.8
2017-12-10,12,0.58
2017-12-10,13,0.33
2017-12-10,14,0.37
2017-12-10,15,0.95
2017-12-10,16,0.53
2017-12-10,17,0.85
2017-12-10,18,1.11
2017-12-10,19,1.05
2017-12-10,20,1.95
2017-12-10,21,0.66
2017-12-10,22,0.4
2017-12-10,23,0.3
2017-12-11,00,0.25
2017-12-11,01,0.27
2017-12-11,02,0.25
2017-12-11,03,0.26
2017-12-11,04,0.17
2017-12-11,05,0.1
2017-12-11,06,0.25
2017-12-11,07,0.23
2017-12-11,08,0.31
2017-12-11,09,0.09
2017-12-11,10,0.12
2017-12-11,11,0.16
2017-12-11,12,0.31
2017-12-11,13,0.22
2017-12-11,14,0.22
2017-12-11,15,0.22
2017-12-11,16,0.22
2017-12-11,17,0.25
2017-12-11,18,1.31
2017-12-11,19,1.1
2017-12-11,20,1.16
2017-12-11,21,1.57
2017-12-11,22,0.43
2017-12-11,23,0.17
2017-12-12,00,0.11
2017-12-12,01,0.09
2017-12-12,02,0.11
2017-12-12,03,0.11
2017-12-12,04,0.25
2017-12-12,05,0.11
2017-12-12,06,0.1
2017-12-12,07,0.15
2017-12-12,08,0.55
2017-12-12,09,0.12
2017-12-12,10,0.12
2017-12-12,11,0.16
2017-12-12,12,0.14
2017-12-12,13,0.18
2017-12-12,14,0.19
2017-12-12,15,0.22
2017-12-12,16,0.23
2017-12-12,17,0.46
2017-12-12,18,1
2017-12-12,19,0.68
2017-12-12,20,0.95
2017-12-12,21,0.38
2017-12-12,22,0.31
2017-12-12,23,0.13
2017-12-13,00,0.25
2017-12-13,01,0.27
2017-12-13,02,0.19
2017-12-13,03,0.12
2017-12-13,04,0.08
2017-12-13,05,0.09
2017-12-13,06,0.24
2017-12-13,07,0.16
2017-12-13,08,0.16
2017-12-13,09,0.09
2017-12-13,10,0.1
2017-12-13,11,0.24
2017-12-13,12,0.21
2017-12-13,13,0.19
2017-12-13,14,0.27
2017-12-13,15,0.21
2017-12-13,16,0.42
2017-12-13,17,0.48
2017-12-13,18,0.58
2017-12-13,19,0.96
2017-12-13,20,0.61
2017-12-13,21,0.57
2017-12-13,22,0.32
2017-12-13,23,0.39
2017-12-14,00,0.24
2017-12-14,01,0.26
2017-12-14,02,0.15
2017-12-14,03,0.11
2017-12-14,04,0.22
2017-12-14,05,0.24
2017-12-14,06,0.15
2017-12-14,07,0.08
2017-12-14,08,0.22
2017-12-14,09,0.1
2017-12-14,10,0.26
2017-12-14,11,0.27
2017-12-14,12,0.23
2017-12-14,13,0.14
2017-12-14,14,0.14
2017-12-14,15,0.09
2017-12-14,16,0.11
2017-12-14,17,0.3
2017-12-14,18,0.56
2017-12-14,19,0.58
2017-12-14,20,0.8
2017-12-14,21,1
2017-12-14,22,0.46
2017-12-14,23,0.12
2017-12-15,00,0.09
2017-12-15,01,0.1
2017-12-15,02,0.09
2017-12-15,03,0.28
2017-12-15,04,0.36
2017-12-15,05,0.51
2017-12-15,06,0.06
2017-12-15,07,0.06
2017-12-15,08,0.07
2017-12-15,09,0.07
2017-12-15,10,0.07
2017-12-15,11,0.07
2017-12-15,12,0.07
2017-12-15,13,0.07
2017-12-15,14,0.07
2017-12-15,15,0.07
2017-12-15,16,0.07
2017-12-15,17,0.09
2017-12-15,18,0.07
2017-12-15,19,0.07
2017-12-15,20,0.07
2017-12-15,21,0.07
2017-12-15,22,0.07
2017-12-15,23,0.09
2017-12-16,00,0.07
2017-12-16,01,0.07
2017-12-16,02,0.07
2017-12-16,03,0.07
2017-12-16,04,0.08
2017-12-16,05,0.08
2017-12-16,06,0.07
2017-12-16,07,0.07
2017-12-16,08,0.07
2017-12-16,09,0.07
2017-12-16,10,0.08
2017-12-16,11,0.07
2017-12-16,12,0.07
2017-12-16,13,0.07
2017-12-16,14,0.07
2017-12-16,15,0.07
2017-12-16,16,0.08
2017-12-16,17,0.08
2017-12-16,18,0.07
2017-12-16,19,0.09
2017-12-16,20,0.07
2017-12-16,21,0.09
2017-12-16,22,0.07
2017-12-16,23,0.09
2017-12-17,00,0.12
2017-12-17,01,0.09
2017-12-17,02,0.07
2017-12-17,03,0.09
2017-12-17,04,0.07
2017-12-17,05,0.08
2017-12-17,06,0.07
2017-12-17,07,0.09
2017-12-17,08,0.07
2017-12-17,09,0.08
2017-12-17,10,0.1
2017-12-17,11,0.09
2017-12-17,12,0.09
2017-12-17,13,0.09
2017-12-17,14,0.11
2017-12-17,15,0.11
2017-12-17,16,0.09
2017-12-17,17,0.09
2017-12-17,18,0.11
2017-12-17,19,0.09
2017-12-17,20,0.11
2017-12-17,21,0.09
2017-12-17,22,0.11
2017-12-17,23,0.07
2017-12-18,00,0.09
2017-12-18,01,0.1
2017-12-18,02,0.08
2017-12-18,03,0.07
2017-12-18,04,0.09
2017-12-18,05,0.07
2017-12-18,06,0.07
2017-12-18,07,0.09
2017-12-18,08,0.07
2017-12-18,09,0.07
2017-12-18,10,0.07
2017-12-18,11,0.07
2017-12-18,12,0.07
2017-12-18,13,0.07
2017-12-18,14,0.07
2017-12-18,15,0.07
2017-12-18,16,0.07
2017-12-18,17,0.07
2017-12-18,18,0.07
2017-12-18,19,0.09
2017-12-18,20,0.07
2017-12-18,21,0.07
2017-12-18,22,0.07
2017-12-18,23,0.07
2017-12-19,00,0.07
2017-12-19,01,0.07
2017-12-19,02,0.07
2017-12-19,03,0.07
2017-12-19,04,0.09
2017-12-19,05,0.09
2017-12-19,06,0.09
2017-12-19,07,0.09
2017-12-19,08,0.09
2017-12-19,09,0.11
2017-12-19,10,0.07
2017-12-19,11,0.07
2017-12-19,12,0.07
2017-12-19,13,0.08
2017-12-19,14,0.07
2017-12-19,15,0.09
2017-12-19,16,0.11
2017-12-19,17,0.09
2017-12-19,18,0.09
2017-12-19,19,0.09
2017-12-19,20,0.07
2017-12-19,21,0.09
2017-12-19,22,0.09
2017-12-19,23,0.07
2017-12-20,00,0.09
2017-12-20,01,0.07
2017-12-20,02,0.08
2017-12-20,03,0.07
2017-12-20,04,0.07
2017-12-20,05,0.09
2017-12-20,06,0.07
2017-12-20,07,0.07
2017-12-20,08,0.09
2017-12-20,09,0.07
2017-12-20,10,0.06
2017-12-20,11,0.07
2017-12-20,12,0.07
2017-12-20,13,0.07
2017-12-20,14,0.07
2017-12-20,15,0.07
2017-12-20,16,0.09
2017-12-20,17,0.07
2017-12-20,18,0.06
2017-12-20,19,0.07
2017-12-20,20,0.07
2017-12-20,21,0.07
2017-12-20,22,0.07
2017-12-20,23,0.07
2017-12-21,00,0.06
2017-12-21,01,0.07
2017-12-21,02,0.07
2017-12-21,03,0.07
2017-12-21,04,0.07
2017-12-21,05,0.07
2017-12-21,06,0.06
2017-12-21,07,0.07
2017-12-21,08,0.07
2017-12-21,09,0.07
2017-12-21,10,0.07
2017-12-21,11,0.06
2017-12-21,12,0.07
2017-12-21,13,0.07
2017-12-21,14,0.07
2017-12-21,15,0.07
2017-12-21,16,0.06
2017-12-21,17,0.07
2017-12-21,18,0.07
2017-12-21,19,0.07
2017-12-21,20,0.07
2017-12-21,21,0.06
2017-12-21,22,0.07
2017-12-21,23,0.07
2017-12-22,00,0.09
2017-12-22,01,0.07
2017-12-22,02,0.08
2017-12-22,03,0.07
2017-12-22,04,0.07
2017-12-22,05,0.07
2017-12-22,06,0.06
2017-12-22,07,0.07
2017-12-22,08,0.07
2017-12-22,09,0.07
2017-12-22,10,0.07
2017-12-22,11,0.06
2017-12-22,12,0.07
2017-12-22,13,0.07
2017-12-22,14,0.07
2017-12-22,15,0.08
2017-12-22,16,0.07
2017-12-22,17,0.07
2017-12-22,18,0.07
2017-12-22,19,0.07
2017-12-22,20,0.34
2017-12-22,21,0.52
2017-12-22,22,0.48
2017-12-22,23,0.39
2017-12-23,00,0.33
2017-12-23,01,0.34
2017-12-23,02,0.35
2017-12-23,03,0.34
2017-12-23,04,0.34
2017-12-23,05,0.34
2017-12-23,06,0.37
2017-12-23,07,0.51
2017-12-23,08,0.57
2017-12-23,09,0.53
2017-12-23,10,2.76
2017-12-23,11,2.24
2017-12-23,12,1.22
2017-12-23,13,0.43
2017-12-23,14,0.42
2017-12-23,15,0.36
2017-12-23,16,0.57
2017-12-23,17,1.05
2017-12-23,18,0.74
2017-12-23,19,0.71
2017-12-23,20,0.66
2017-12-23,21,0.86
2017-12-23,22,0.58
2017-12-23,23,0.5
2017-12-24,00,0.34
2017-12-24,01,0.15
2017-12-24,02,0.12
2017-12-24,03,0.28
2017-12-24,04,0.3
2017-12-24,05,0.27
2017-12-24,06,0.1
2017-12-24,07,0.23
2017-12-24,08,0.38
2017-12-24,09,0.51
2017-12-24,10,0.27
2017-12-24,11,0.39
2017-12-24,12,0.32
2017-12-24,13,0.09
2017-12-24,14,0.19
2017-12-24,15,0.24
2017-12-24,16,0.54
2017-12-24,17,0.44
2017-12-24,18,0.44
2017-12-24,19,0.48
2017-12-24,20,0.8
2017-12-24,21,0.14
2017-12-24,22,0.18
2017-12-24,23,0.2
2017-12-25,00,0.1
2017-12-25,01,0.22
2017-12-25,02,0.17
2017-12-25,03,0.11
2017-12-25,04,0.14
2017-12-25,05,0.08
2017-12-25,06,0.18
2017-12-25,07,0.25
2017-12-25,08,0.27
2017-12-25,09,0.37
2017-12-25,10,0.68
2017-12-25,11,0.36
2017-12-25,12,0.26
2017-12-25,13,0.08
2017-12-25,14,0.1
2017-12-25,15,0.08
2017-12-25,16,0.09
2017-12-25,17,0.08
2017-12-25,18,0.09
2017-12-25,19,0.08
2017-12-25,20,0.21
2017-12-25,21,0.11
2017-12-25,22,0.11
2017-12-25,23,0.4
2017-12-26,00,0.58
2017-12-26,01,0.36
2017-12-26,02,0.25
2017-12-26,03,0.27
2017-12-26,04,0.2
2017-12-26,05,0.08
2017-12-26,06,0.09
2017-12-26,07,0.08
2017-12-26,08,0.23
2017-12-26,09,0.19
2017-12-26,10,0.15
2017-12-26,11,0.22
2017-12-26,12,0.11
2017-12-26,13,0.09
2017-12-26,14,0.4
2017-12-26,15,0.36
2017-12-26,16,0.37
2017-12-26,17,0.48
2017-12-26,18,0.37
2017-12-26,19,0.34
2017-12-26,20,0.46
2017-12-26,21,0.39
2017-12-26,22,0.42
2017-12-26,23,0.39
2017-12-27,00,0.35
2017-12-27,01,0.18
2017-12-27,02,0.1
2017-12-27,03,0.08
2017-12-27,04,0.1
2017-12-27,05,0.19
2017-12-27,06,0.09
2017-12-27,07,0.08
2017-12-27,08,0.09
2017-12-27,09,0.1
2017-12-27,10,0.14
2017-12-27,11,0.77
2017-12-27,12,0.76
2017-12-27,13,0.54
2017-12-27,14,0.39
2017-12-27,15,0.32
2017-12-27,16,0.95
2017-12-27,17,0.4
2017-12-27,18,0.49
2017-12-27,19,0.66
2017-12-27,20,0.56
2017-12-27,21,0.24
2017-12-27,22,0.26
2017-12-27,23,0.27
2017-12-28,00,0.24
2017-12-28,01,0.11
2017-12-28,02,0.1
2017-12-28,03,0.12
2017-12-28,04,0.08
2017-12-28,05,0.1
2017-12-28,06,0.12
2017-12-28,07,0.19
2017-12-28,08,0.17
2017-12-28,09,0.28
2017-12-28,10,0.48
2017-12-28,11,0.38
2017-12-28,12,0.24
2017-12-28,13,0.27
2017-12-28,14,0.69
2017-12-28,15,0.35
2017-12-28,16,0.21
2017-12-28,17,0.14
2017-12-28,18,0.11
2017-12-28,19,0.24
2017-12-28,20,0.42
2017-12-28,21,0.31
2017-12-28,22,0.13
2017-12-28,23,0.1
2017-12-29,00,0.11
2017-12-29,01,0.09
2017-12-29,02,0.1
2017-12-29,03,0.12
2017-12-29,04,0.1
2017-12-29,05,0.08
2017-12-29,06,0.09
2017-12-29,07,0.09
2017-12-29,08,0.24
2017-12-29,09,0.09
2017-12-29,10,0.09
2017-12-29,11,0.22
2017-12-29,12,0.09
2017-12-29,13,0.09
2017-12-29,14,0.13
2017-12-29,15,0.19
2017-12-29,16,0.13
2017-12-29,17,0.21
2017-12-29,18,0.76
2017-12-29,19,1.21
2017-12-29,20,0.7
2017-12-29,21,0.52
2017-12-29,22,0.4
2017-12-29,23,0.29
2017-12-30,00,0.28
2017-12-30,01,0.26
2017-12-30,02,0.27
2017-12-30,03,0.28
2017-12-30,04,0.24
2017-12-30,05,0.27
2017-12-30,06,0.25
2017-12-30,07,0.24
2017-12-30,08,0.14
2017-12-30,09,0.11
2017-12-30,10,0.09
2017-12-30,11,0.64
2017-12-30,12,0.33
2017-12-30,13,0.31
2017-12-30,14,0.3
2017-12-30,15,0.36
2017-12-30,16,0.44
2017-12-30,17,0.29
2017-12-30,18,0.81
2017-12-30,19,0.9
2017-12-30,20,0.54
2017-12-30,21,0.47
2017-12-30,22,0.53
2017-12-30,23,0.8
2017-12-31,00,0.29
2017-12-31,01,0.11
2017-12-31,02,0.09
2017-12-31,03,0.09
2017-12-31,04,0.1
2017-12-31,05,0.08
2017-12-31,06,0.11
2017-12-31,07,0.09
2017-12-31,08,0.09
2017-12-31,09,0.18
2017-12-31,10,0.4
2017-12-31,11,0.09
2017-12-31,12,0.08
2017-12-31,13,0.09
2017-12-31,14,0.09
2017-12-31,15,0.08
2017-12-31,16,0.3
2017-12-31,17,0.37
2017-12-31,18,0.46
2017-12-31,19,0.51
2017-12-31,20,0.35
2017-12-31,21,0.24
2017-12-31,22,0.14
2017-12-31,23,0.09
2018-01-01,00,0.24
2018-01-01,01,0.25
2018-01-01,02,0.13
2018-01-01,03,0.18
2018-01-01,04,0.25
2018-01-01,05,0.32
2018-01-01,06,0.24
2018-01-01,07,0.14
2018-01-01,08,0.24
2018-01-01,09,0.23
2018-01-01,10,0.14
2018-01-01,11,0.2
2018-01-01,12,0.3
2018-01-01,13,0.17
2018-01-01,14,0.21
2018-01-01,15,0.35
2018-01-01,16,0.18
2018-01-01,17,0.32
2018-01-01,18,0.43
2018-01-01,19,0.6
2018-01-01,20,0.63
2018-01-01,21,0.86
2018-01-01,22,0.18
2018-01-01,23,0.25
2018-01-02,00,0.24
2018-01-02,01,0.1
2018-01-02,02,0.13
2018-01-02,03,0.27
2018-01-02,04,0.2
2018-01-02,05,0.09
2018-01-02,06,0.23
2018-01-02,07,0.31
2018-01-02,08,0.24
2018-01-02,09,0.18
2018-01-02,10,0.17
2018-01-02,11,0.26
2018-01-02,12,0.26
2018-01-02,13,0.24
2018-01-02,14,0.1
2018-01-02,15,0.1
2018-01-02,16,0.12
2018-01-02,17,0.54
2018-01-02,18,0.99
2018-01-02,19,0.25
2018-01-02,20,0.13
2018-01-02,21,0.32
2018-01-02,22,0.26
2018-01-02,23,0.11
2018-01-03,00,0.21
2018-01-03,01,0.16
2018-01-03,02,0.1
2018-01-03,03,0.15
2018-01-03,04,0.24
2018-01-03,05,0.15
2018-01-03,06,0.09
2018-01-03,07,0.37
2018-01-03,08,0.21
2018-01-03,09,0.1
2018-01-03,10,0.11
2018-01-03,11,0.09
2018-01-03,12,0.09
2018-01-03,13,0.16
2018-01-03,14,0.28
2018-01-03,15,0.26
2018-01-03,16,0.32
2018-01-03,17,0.63
2018-01-03,18,0.25
2018-01-03,19,0.1
2018-01-03,20,0.09
2018-01-03,21,0.11
2018-01-03,22,0.1
2018-01-03,23,0.09
2018-01-04,00,0.09
2018-01-04,01,0.08
2018-01-04,02,0.1
2018-01-04,03,0.11
2018-01-04,04,0.08
2018-01-04,05,0.22
2018-01-04,06,0.09
2018-01-04,07,0.12
2018-01-04,08,0.18
2018-01-04,09,0.2
2018-01-04,10,0.26
2018-01-04,11,0.26
2018-01-04,12,0.15
2018-01-04,13,0.09
2018-01-04,14,0.1
2018-01-04,15,0.09
2018-01-04,16,0.23
2018-01-04,17,1.31
2018-01-04,18,0.38
2018-01-04,19,0.38
2018-01-04,20,0.26
2018-01-04,21,0.31
2018-01-04,22,1.42
2018-01-04,23,1.14
2018-01-05,00,0.1
2018-01-05,01,0.09
2018-01-05,02,0.08
2018-01-05,03,0.1
2018-01-05,04,0.1
2018-01-05,05,0.1
2018-01-05,06,0.08
2018-01-05,07,0.15
2018-01-05,08,0.22
2018-01-05,09,0.11
2018-01-05,10,0.08
2018-01-05,11,0.09
2018-01-05,12,0.11
2018-01-05,13,0.11
2018-01-05,14,0.3
2018-01-05,15,0.29
2018-01-05,16,0.14
2018-01-05,17,0.29
2018-01-05,18,0.78
2018-01-05,19,0.46
2018-01-05,20,0.39
2018-01-05,21,0.3
2018-01-05,22,0.33
2018-01-05,23,0.29
2018-01-06,00,0.11
2018-01-06,01,0.1
2018-01-06,02,0.14
2018-01-06,03,0.22
2018-01-06,04,0.12
2018-01-06,05,0.1
2018-01-06,06,0.09
2018-01-06,07,0.19
2018-01-06,08,0.11
2018-01-06,09,0.1
2018-01-06,10,0.09
2018-01-06,11,0.09
2018-01-06,12,0.08
2018-01-06,13,0.08
2018-01-06,14,0.11
2018-01-06,15,0.09
2018-01-06,16,0.2
2018-01-06,17,0.42
2018-01-06,18,0.15
2018-01-06,19,0.39
2018-01-06,20,0.42
2018-01-06,21,0.41
2018-01-06,22,0.28
2018-01-06,23,0.26
2018-01-07,00,0.26
2018-01-07,01,0.23
2018-01-07,02,0.22
2018-01-07,03,0.24
2018-01-07,04,0.13
2018-01-07,05,0.09
2018-01-07,06,0.09
2018-01-07,07,0.11
2018-01-07,08,0.09
2018-01-07,09,0.11
2018-01-07,10,0.11
2018-01-07,11,0.24
2018-01-07,12,0.28
2018-01-07,13,0.58
2018-01-07,14,0.49
2018-01-07,15,1.56
2018-01-07,16,1.57
2018-01-07,17,0.89
2018-01-07,18,1.45
2018-01-07,19,1.04
2018-01-07,20,0.82
2018-01-07,21,0.67
2018-01-07,22,0.48
2018-01-07,23,0.24
2018-01-08,00,0.25
2018-01-08,01,0.25
2018-01-08,02,0.24
2018-01-08,03,0.22
2018-01-08,04,0.11
2018-01-08,05,0.11
2018-01-08,06,0.12
2018-01-08,07,0.12
2018-01-08,08,
2018-01-08,09,0.13
2018-01-08,10,0.13
2018-01-08,11,0.28
2018-01-08,12,0.66
2018-01-08,13,0.35
2018-01-08,14,0.15
2018-01-08,15,0.2
2018-01-08,16,0.19
2018-01-08,17,0.17
2018-01-08,18,0.39
2018-01-08,19,0.94
2018-01-08,20,1.54
2018-01-08,21,0.54
2018-01-08,22,0.58
2018-01-08,23,0.4
2018-01-09,00,0.11
2018-01-09,01,0.11
2018-01-09,02,0.11
2018-01-09,03,0.11
2018-01-09,04,0.13
2018-01-09,05,0.14
2018-01-09,06,0.34
2018-01-09,07,0.28
2018-01-09,08,0.38
2018-01-09,09,0.1
2018-01-09,10,0.09
2018-01-09,11,0.11
2018-01-09,12,0.1
2018-01-09,13,0.09
2018-01-09,14,0.12
2018-01-09,15,0.1
2018-01-09,16,0.09
2018-01-09,17,0.43
2018-01-09,18,0.29
2018-01-09,19,0.27
2018-01-09,20,0.28
2018-01-09,21,0.35
2018-01-09,22,0.32
2018-01-09,23,0.2
2018-01-10,00,0.1
2018-01-10,01,0.14
2018-01-10,02,0.27
2018-01-10,03,0.3
2018-01-10,04,0.34
2018-01-10,05,0.09
2018-01-10,06,0.09
2018-01-10,07,0.16
2018-01-10,08,0.1
2018-01-10,09,0.11
2018-01-10,10,0.09
2018-01-10,11,0.1
2018-01-10,12,0.1
2018-01-10,13,0.09
2018-01-10,14,0.12
2018-01-10,15,0.09
2018-01-10,16,0.1
2018-01-10,17,0.56
2018-01-10,18,1.54
2018-01-10,19,0.69
2018-01-10,20,0.28
2018-01-10,21,0.26
2018-01-10,22,0.15
2018-01-10,23,0.11
2018-01-11,00,0.24
2018-01-11,01,0.27
2018-01-11,02,0.28
2018-01-11,03,0.2
2018-01-11,04,0.09
2018-01-11,05,0.12
2018-01-11,06,0.1
2018-01-11,07,0.14
2018-01-11,08,0.26
2018-01-11,09,0.12
2018-01-11,10,0.1
2018-01-11,11,0.1
2018-01-11,12,0.1
2018-01-11,13,0.11
2018-01-11,14,0.11
2018-01-11,15,0.12
2018-01-11,16,0.11
2018-01-11,17,0.3
2018-01-11,18,0.66
2018-01-11,19,0.88
2018-01-11,20,0.4
2018-01-11,21,0.33
2018-01-11,22,0.2
2018-01-11,23,0.11
2018-01-12,00,0.08
2018-01-12,01,0.12
2018-01-12,02,0.09
2018-01-12,03,0.09
2018-01-12,04,0.1
2018-01-12,05,0.1
2018-01-12,06,0.1
2018-01-12,07,0.12
2018-01-12,08,0.27
2018-01-12,09,0.09
2018-01-12,10,0.09
2018-01-12,11,0.11
2018-01-12,12,0.08
2018-01-12,13,0.1
2018-01-12,14,0.1
2018-01-12,15,0.1
2018-01-12,16,0.39
2018-01-12,17,0.47
2018-01-12,18,0.49
2018-01-12,19,1.14
2018-01-12,20,0.78
2018-01-12,21,0.5
2018-01-12,22,0.52
2018-01-12,23,0.54
2018-01-13,00,0.44
2018-01-13,01,0.33
2018-01-13,02,0.3
2018-01-13,03,0.17
2018-01-13,04,0.18
2018-01-13,05,0.16
2018-01-13,06,0.17
2018-01-13,07,0.18
2018-01-13,08,0.16
2018-01-13,09,0.16
2018-01-13,10,0.16
2018-01-13,11,0.73
2018-01-13,12,0.54
2018-01-13,13,0.36
2018-01-13,14,0.87
2018-01-13,15,0.49
2018-01-13,16,0.41
2018-01-13,17,0.13
2018-01-13,18,0.28
2018-01-13,19,0.29
2018-01-13,20,0.31
2018-01-13,21,1.51
2018-01-13,22,0.53
2018-01-13,23,0.26
2018-01-14,00,0.25
2018-01-14,01,0.25
2018-01-14,02,0.22
2018-01-14,03,0.14
2018-01-14,04,0.27
2018-01-14,05,0.28
2018-01-14,06,0.31
2018-01-14,07,0.22
2018-01-14,08,0.11
2018-01-14,09,0.1
2018-01-14,10,0.16
2018-01-14,11,0.47
2018-01-14,12,0.39
2018-01-14,13,0.25
2018-01-14,14,0.22
2018-01-14,15,0.13
2018-01-14,16,0.09
2018-01-14,17,0.1
2018-01-14,18,0.41
2018-01-14,19,0.35
2018-01-14,20,0.28
2018-01-14,21,0.25
2018-01-14,22,0.33
2018-01-14,23,0.18
2018-01-15,00,0.15
2018-01-15,01,0.27
2018-01-15,02,0.28
2018-01-15,03,0.24
2018-01-15,04,0.1
2018-01-15,05,0.1
2018-01-15,06,0.09
2018-01-15,07,0.14
2018-01-15,08,0.26
2018-01-15,09,0.21
2018-01-15,10,0.09
2018-01-15,11,0.11
2018-01-15,12,0.11
2018-01-15,13,0.09
2018-01-15,14,0.1
2018-01-15,15,0.08
2018-01-15,16,0.12
2018-01-15,17,0.35
2018-01-15,18,0.7
2018-01-15,19,0.71
2018-01-15,20,0.96
2018-01-15,21,1.54
2018-01-15,22,0.2
2018-01-15,23,0.12
2018-01-16,00,0.09
2018-01-16,01,0.11
2018-01-16,02,0.11
2018-01-16,03,0.27
2018-01-16,04,0.28
2018-01-16,05,0.17
2018-01-16,06,0.09
2018-01-16,07,0.18
2018-01-16,08,0.24
2018-01-16,09,0.1
2018-01-16,10,0.12
2018-01-16,11,0.1
2018-01-16,12,0.1
2018-01-16,13,0.09
2018-01-16,14,0.11
2018-01-16,15,0.1
2018-01-16,16,0.09
2018-01-16,17,0.28
2018-01-16,18,0.86
2018-01-16,19,0.37
2018-01-16,20,0.34
2018-01-16,21,0.41
2018-01-16,22,0.35
2018-01-16,23,0.13
2018-01-17,00,0.09
2018-01-17,01,0.1
2018-01-17,02,0.16
2018-01-17,03,0.28
2018-01-17,04,0.28
2018-01-17,05,0.16
2018-01-17,06,0.09
2018-01-17,07,0.15
2018-01-17,08,0.24
2018-01-17,09,0.11
2018-01-17,10,0.1
2018-01-17,11,0.09
2018-01-17,12,0.1
2018-01-17,13,0.09
2018-01-17,14,0.14
2018-01-17,15,0.12
2018-01-17,16,0.15
2018-01-17,17,0.4
2018-01-17,18,0.13
2018-01-17,19,0.1
2018-01-17,20,0.25
2018-01-17,21,0.27
2018-01-17,22,0.31
2018-01-17,23,0.26
2018-01-18,00,0.12
2018-01-18,01,0.24
2018-01-18,02,0.28
2018-01-18,03,0.27
2018-01-18,04,0.1
2018-01-18,05,0.09
2018-01-18,06,0.09
2018-01-18,07,0.15
2018-01-18,08,0.26
2018-01-18,09,0.1
2018-01-18,10,0.1
2018-01-18,11,0.09
2018-01-18,12,0.09
2018-01-18,13,0.12
2018-01-18,14,0.15
2018-01-18,15,0.13
2018-01-18,16,0.18
2018-01-18,17,0.21
2018-01-18,18,0.39
2018-01-18,19,0.78
2018-01-18,20,0.29
2018-01-18,21,0.23
2018-01-18,22,0.22
2018-01-18,23,0.11
2018-01-19,00,0.16
2018-01-19,01,0.29
2018-01-19,02,0.27
2018-01-19,03,0.15
2018-01-19,04,0.1
2018-01-19,05,0.09
2018-01-19,06,0.1
2018-01-19,07,0.13
2018-01-19,08,0.27
2018-01-19,09,0.23
2018-01-19,10,0.13
2018-01-19,11,0.09
2018-01-19,12,0.1
2018-01-19,13,0.11
2018-01-19,14,0.1
2018-01-19,15,0.11
2018-01-19,16,0.1
2018-01-19,17,0.84
2018-01-19,18,1.11
2018-01-19,19,0.54
2018-01-19,20,0.96
2018-01-19,21,0.66
2018-01-19,22,0.7
2018-01-19,23,0.47
2018-01-20,00,0.1
2018-01-20,01,0.12
2018-01-20,02,0.09
2018-01-20,03,0.11
2018-01-20,04,0.11
2018-01-20,05,0.37
2018-01-20,06,0.37
2018-01-20,07,0.14
2018-01-20,08,0.15
2018-01-20,09,0.53
2018-01-20,10,0.29
2018-01-20,11,0.23
2018-01-20,12,0.27
2018-01-20,13,0.25
2018-01-20,14,0.29
2018-01-20,15,0.65
2018-01-20,16,0.71
2018-01-20,17,0.48
2018-01-20,18,0.16
2018-01-20,19,0.09
2018-01-20,20,0.11
2018-01-20,21,0.25
2018-01-20,22,0.45
2018-01-20,23,0.19
2018-01-21,00,0.11
2018-01-21,01,0.13
2018-01-21,02,0.09
2018-01-21,03,0.12
2018-01-21,04,0.1
2018-01-21,05,0.1
2018-01-21,06,0.11
2018-01-21,07,0.09
2018-01-21,08,0.1
2018-01-21,09,0.15
2018-01-21,10,0.19
2018-01-21,11,0.56
2018-01-21,12,0.87
2018-01-21,13,0.2
2018-01-21,14,0.13
2018-01-21,15,0.16
2018-01-21,16,0.52
2018-01-21,17,0.98
2018-01-21,18,1.34
2018-01-21,19,0.79
2018-01-21,20,0.29
2018-01-21,21,0.25
2018-01-21,22,0.42
2018-01-21,23,0.41
2018-01-22,00,0.36
2018-01-22,01,0.24
2018-01-22,02,0.24
2018-01-22,03,0.14
2018-01-22,04,0.14
2018-01-22,05,0.21
2018-01-22,06,0.14
2018-01-22,07,0.09
2018-01-22,08,0.26
2018-01-22,09,0.1
2018-01-22,10,0.1
2018-01-22,11,0.22
2018-01-22,12,0.38
2018-01-22,13,0.11
2018-01-22,14,0.15
2018-01-22,15,0.27
2018-01-22,16,2.4
2018-01-22,17,1.41
2018-01-22,18,1.59
2018-01-22,19,0.61
2018-01-22,20,0.49
2018-01-22,21,0.29
2018-01-22,22,0.35
2018-01-22,23,0.31
2018-01-23,00,0.28
2018-01-23,01,0.24
2018-01-23,02,0.09
2018-01-23,03,0.1
2018-01-23,04,0.1
2018-01-23,05,0.1
2018-01-23,06,0.11
2018-01-23,07,0.29
2018-01-23,08,0.37
2018-01-23,09,0.16
2018-01-23,10,0.09
2018-01-23,11,0.12
2018-01-23,12,0.1
2018-01-23,13,0.12
2018-01-23,14,0.09
2018-01-23,15,0.17
2018-01-23,16,0.27
2018-01-23,17,0.47
2018-01-23,18,0.52
2018-01-23,19,0.36
2018-01-23,20,0.31
2018-01-23,21,0.29
2018-01-23,22,0.27
2018-01-23,23,0.16
2018-01-24,00,0.13
2018-01-24,01,0.09
2018-01-24,02,0.11
2018-01-24,03,0.12
2018-01-24,04,0.1
2018-01-24,05,0.09
2018-01-24,06,0.09
2018-01-24,07,0.28
2018-01-24,08,0.42
2018-01-24,09,0.16
2018-01-24,10,0.1
2018-01-24,11,0.1
2018-01-24,12,0.1
2018-01-24,13,0.09
2018-01-24,14,0.11
2018-01-24,15,0.1
2018-01-24,16,0.14
2018-01-24,17,0.39
2018-01-24,18,1
2018-01-24,19,0.42
2018-01-24,20,0.31
2018-01-24,21,0.27
2018-01-24,22,0.29
2018-01-24,23,0.22
2018-01-25,00,0.11
2018-01-25,01,0.09
2018-01-25,02,0.23
2018-01-25,03,0.3
2018-01-25,04,0.27
2018-01-25,05,0.16
2018-01-25,06,0.1
2018-01-25,07,0.16
2018-01-25,08,0.24
2018-01-25,09,0.1
2018-01-25,10,0.1
2018-01-25,11,0.1
2018-01-25,12,0.1
2018-01-25,13,0.12
2018-01-25,14,0.13
2018-01-25,15,0.12
2018-01-25,16,0.1
2018-01-25,17,0.42
2018-01-25,18,0.36
2018-01-25,19,0.29
2018-01-25,20,0.45
2018-01-25,21,0.5
2018-01-25,22,0.42
2018-01-25,23,0.15
2018-01-26,00,0.1
2018-01-26,01,0.1
2018-01-26,02,0.1
2018-01-26,03,0.11
2018-01-26,04,0.09
2018-01-26,05,0.1
2018-01-26,06,0.16
2018-01-26,07,0.21
2018-01-26,08,0.29
2018-01-26,09,0.08
2018-01-26,10,0.1
2018-01-26,11,0.12
2018-01-26,12,0.08
2018-01-26,13,0.1
2018-01-26,14,0.12
2018-01-26,15,0.09
2018-01-26,16,0.09
2018-01-26,17,0.1
2018-01-26,18,0.09
2018-01-26,19,0.08
2018-01-26,20,0.09
2018-01-26,21,0.09
2018-01-26,22,0.09
2018-01-26,23,1.07
2018-01-27,00,0.39
2018-01-27,01,0.28
2018-01-27,02,0.3
2018-01-27,03,0.29
2018-01-27,04,0.21
2018-01-27,05,0.12
2018-01-27,06,0.09
2018-01-27,07,0.11
2018-01-27,08,0.12
2018-01-27,09,0.09
2018-01-27,10,0.68
2018-01-27,11,0.45
2018-01-27,12,1.88
2018-01-27,13,0.77
2018-01-27,14,0.46
2018-01-27,15,0.27
2018-01-27,16,0.52
2018-01-27,17,0.3
2018-01-27,18,0.26
2018-01-27,19,0.47
2018-01-27,20,0.35
2018-01-27,21,0.39
2018-01-27,22,0.27
2018-01-27,23,0.25
2018-01-28,00,0.27
2018-01-28,01,0.3
2018-01-28,02,0.28
2018-01-28,03,0.3
2018-01-28,04,0.38
2018-01-28,05,0.33
2018-01-28,06,0.26
2018-01-28,07,0.19
2018-01-28,08,0.1
2018-01-28,09,0.1
2018-01-28,10,0.09
2018-01-28,11,0.64
2018-01-28,12,0.72
2018-01-28,13,0.31
2018-01-28,14,0.25
2018-01-28,15,0.42
2018-01-28,16,0.31
2018-01-28,17,0.27
2018-01-28,18,0.16
2018-01-28,19,0.93
2018-01-28,20,0.85
2018-01-28,21,0.24
2018-01-28,22,0.29
2018-01-28,23,0.13
2018-01-29,00,0.13
2018-01-29,01,0.1
2018-01-29,02,0.13
2018-01-29,03,0.14
2018-01-29,04,0.14
2018-01-29,05,0.13
2018-01-29,06,0.29
2018-01-29,07,0.33
2018-01-29,08,0.3
2018-01-29,09,0.16
2018-01-29,10,0.21
2018-01-29,11,0.13
2018-01-29,12,0.13
2018-01-29,13,0.09
2018-01-29,14,0.14
2018-01-29,15,0.12
2018-01-29,16,0.11
2018-01-29,17,0.66
2018-01-29,18,1.4
2018-01-29,19,0.52
2018-01-29,20,0.82
2018-01-29,21,1.39
2018-01-29,22,0.43
2018-01-29,23,0.17
2018-01-30,00,0.14
2018-01-30,01,0.13
2018-01-30,02,0.12
2018-01-30,03,0.22
2018-01-30,04,0.41
2018-01-30,05,0.3
2018-01-30,06,0.21
2018-01-30,07,0.15
2018-01-30,08,0.19
2018-01-30,09,0.1
2018-01-30,10,0.09
2018-01-30,11,0.1
2018-01-30,12,0.11
2018-01-30,13,0.1
2018-01-30,14,0.11
2018-01-30,15,0.1
2018-01-30,16,0.12
2018-01-30,17,0.42
2018-01-30,18,0.43
2018-01-30,19,0.3
2018-01-30,20,0.12
2018-01-30,21,0.63
2018-01-30,22,0.31
2018-01-30,23,0.32
2018-01-31,00,0.23
2018-01-31,01,0.14
2018-01-31,02,0.11
2018-01-31,03,0.12
2018-01-31,04,0.09
2018-01-31,05,0.1
2018-01-31,06,0.09
2018-01-31,07,0.12
2018-01-31,08,0.18
2018-01-31,09,0.09
2018-01-31,10,0.1
2018-01-31,11,0.1
2018-01-31,12,0.08
2018-01-31,13,0.1
2018-01-31,14,0.14
2018-01-31,15,0.09
2018-01-31,16,0.12
2018-01-31,17,0.27
2018-01-31,18,1.28
2018-01-31,19,0.52
2018-01-31,20,0.59
2018-01-31,21,1.01
2018-01-31,22,0.41
2018-01-31,23,0.12
2018-02-01,00,0.11
2018-02-01,01,0.22
2018-02-01,02,0.11
2018-02-01,03,0.09
2018-02-01,04,0.1
2018-02-01,05,0.1
2018-02-01,06,0.09
2018-02-01,07,0.13
2018-02-01,08,0.17
2018-02-01,09,0.12
2018-02-01,10,0.09
2018-02-01,11,0.1
2018-02-01,12,0.1
2018-02-01,13,0.09
2018-02-01,14,0.11
2018-02-01,15,0.1
2018-02-01,16,0.09
2018-02-01,17,0.33
2018-02-01,18,1.09
2018-02-01,19,0.62
2018-02-01,20,0.81
2018-02-01,21,0.17
2018-02-01,22,0.33
2018-02-01,23,0.18
2018-02-02,00,0.09
2018-02-02,01,0.09
2018-02-02,02,0.1
2018-02-02,03,0.1
2018-02-02,04,0.1
2018-02-02,05,0.1
2018-02-02,06,0.09
2018-02-02,07,0.18
2018-02-02,08,0.21
2018-02-02,09,0.09
2018-02-02,10,0.11
2018-02-02,11,0.1
2018-02-02,12,0.1
2018-02-02,13,0.08
2018-02-02,14,0.1
2018-02-02,15,0.1
2018-02-02,16,0.09
2018-02-02,17,0.39
2018-02-02,18,0.67
2018-02-02,19,0.49
2018-02-02,20,0.41
2018-02-02,21,0.21
2018-02-02,22,0.19
2018-02-02,23,0.11
2018-02-03,00,0.13
2018-02-03,01,0.1
2018-02-03,02,0.09
2018-02-03,03,0.09
2018-02-03,04,0.1
2018-02-03,05,0.1
2018-02-03,06,0.09
2018-02-03,07,0.11
2018-02-03,08,0.1
2018-02-03,09,0.1
2018-02-03,10,0.09
2018-02-03,11,0.09
2018-02-03,12,0.1
2018-02-03,13,0.1
2018-02-03,14,0.09
2018-02-03,15,0.21
2018-02-03,16,0.47
2018-02-03,17,0.51
2018-02-03,18,0.48
2018-02-03,19,0.52
2018-02-03,20,0.37
2018-02-03,21,0.26
2018-02-03,22,0.24
2018-02-03,23,0.25
2018-02-04,00,0.24
2018-02-04,01,0.14
2018-02-04,02,0.11
2018-02-04,03,0.12
2018-02-04,04,0.11
2018-02-04,05,0.12
2018-02-04,06,0.1
2018-02-04,07,0.11
2018-02-04,08,0.09
2018-02-04,09,0.12
2018-02-04,10,0.12
2018-02-04,11,0.35
2018-02-04,12,1.68
2018-02-04,13,1.12
2018-02-04,14,0.27
2018-02-04,15,0.34
2018-02-04,16,0.11
2018-02-04,17,0.11
2018-02-04,18,0.11
2018-02-04,19,0.11
2018-02-04,20,0.66
2018-02-04,21,0.27
2018-02-04,22,0.23
2018-02-04,23,0.14
2018-02-05,00,0.13
2018-02-05,01,0.12
2018-02-05,02,0.21
2018-02-05,03,0.15
2018-02-05,04,0.11
2018-02-05,05,0.11
2018-02-05,06,0.11
2018-02-05,07,0.1
2018-02-05,08,0.16
2018-02-05,09,0.09
2018-02-05,10,0.1
2018-02-05,11,0.35
2018-02-05,12,0.59
2018-02-05,13,0.5
2018-02-05,14,0.42
2018-02-05,15,0.19
2018-02-05,16,0.1
2018-02-05,17,0.16
2018-02-05,18,0.94
2018-02-05,19,1.07
2018-02-05,20,0.34
2018-02-05,21,0.27
2018-02-05,22,0.24
2018-02-05,23,0.12
2018-02-06,00,0.21
2018-02-06,01,0.13
2018-02-06,02,
2018-02-06,03,0.11
2018-02-06,04,0.09
2018-02-06,05,0.1
2018-02-06,06,0.12
2018-02-06,07,0.12
2018-02-06,08,0.18
2018-02-06,09,0.1
2018-02-06,10,0.11
2018-02-06,11,0.09
2018-02-06,12,0.09
2018-02-06,13,0.1
2018-02-06,14,0.12
2018-02-06,15,0.1
2018-02-06,16,0.1
2018-02-06,17,0.1
2018-02-06,18,0.09
2018-02-06,19,0.82
2018-02-06,20,0.44
2018-02-06,21,0.46
2018-02-06,22,0.44
2018-02-06,23,0.23
2018-02-07,00,0.11
2018-02-07,01,0.11
2018-02-07,02,0.1
2018-02-07,03,0.09
2018-02-07,04,0.1
2018-02-07,05,0.1
2018-02-07,06,0.1
2018-02-07,07,0.09
2018-02-07,08,0.16
2018-02-07,09,0.1
2018-02-07,10,0.1
2018-02-07,11,0.1
2018-02-07,12,0.1
2018-02-07,13,0.09
2018-02-07,14,0.09
2018-02-07,15,0.1
2018-02-07,16,0.1
2018-02-07,17,0.17
2018-02-07,18,0.55
2018-02-07,19,1
2018-02-07,20,0.37
2018-02-07,21,0.26
2018-02-07,22,0.22
2018-02-07,23,0.11
2018-02-08,00,0.1
2018-02-08,01,0.1
2018-02-08,02,0.11
2018-02-08,03,0.1
2018-02-08,04,0.1
2018-02-08,05,0.09
2018-02-08,06,0.09
2018-02-08,07,0.1
2018-02-08,08,0.16
2018-02-08,09,0.08
2018-02-08,10,0.1
2018-02-08,11,0.1
2018-02-08,12,0.09
2018-02-08,13,0.09
2018-02-08,14,0.1
2018-02-08,15,0.09
2018-02-08,16,0.09
2018-02-08,17,0.21
2018-02-08,18,1.06
2018-02-08,19,0.51
2018-02-08,20,0.47
2018-02-08,21,0.28
2018-02-08,22,0.23
2018-02-08,23,0.1
2018-02-09,00,0.11
2018-02-09,01,0.1
2018-02-09,02,0.1
2018-02-09,03,0.09
2018-02-09,04,0.1
2018-02-09,05,0.1
2018-02-09,06,0.1
2018-02-09,07,0.22
2018-02-09,08,0.37
2018-02-09,09,0.15
2018-02-09,10,0.18
2018-02-09,11,0.1
2018-02-09,12,0.09
2018-02-09,13,0.11
2018-02-09,14,0.1
2018-02-09,15,0.1
2018-02-09,16,0.1
2018-02-09,17,0.29
2018-02-09,18,0.37
2018-02-09,19,0.1
2018-02-09,20,0.1
2018-02-09,21,0.09
2018-02-09,22,0.09
2018-02-09,23,0.1
2018-02-10,00,0.1
2018-02-10,01,1
2018-02-10,02,0.51
2018-02-10,03,0.34
2018-02-10,04,0.29
2018-02-10,05,0.11
2018-02-10,06,0.1
2018-02-10,07,0.1
2018-02-10,08,0.09
2018-02-10,09,0.11
2018-02-10,10,0.14
2018-02-10,11,0.77
2018-02-10,12,0.37
2018-02-10,13,1.07
2018-02-10,14,0.74
2018-02-10,15,0.15
2018-02-10,16,0.09
2018-02-10,17,0.11
2018-02-10,18,0.14
2018-02-10,19,0.14
2018-02-10,20,0.14
2018-02-10,21,0.3
2018-02-10,22,0.32
2018-02-10,23,0.27
2018-02-11,00,0.14
2018-02-11,01,0.21
2018-02-11,02,0.14
2018-02-11,03,0.1
2018-02-11,04,0.09
2018-02-11,05,0.1
2018-02-11,06,0.1
2018-02-11,07,0.09
2018-02-11,08,0.09
2018-02-11,09,0.1
2018-02-11,10,0.6
2018-02-11,11,1.03
2018-02-11,12,1.01
2018-02-11,13,0.42
2018-02-11,14,0.18
2018-02-11,15,0.11
2018-02-11,16,0.1
2018-02-11,17,0.11
2018-02-11,18,0.11
2018-02-11,19,0.21
2018-02-11,20,0.2
2018-02-11,21,0.25
2018-02-11,22,0.24
2018-02-11,23,0.21
2018-02-12,00,0.22
2018-02-12,01,0.14
2018-02-12,02,0.11
2018-02-12,03,0.12
2018-02-12,04,0.09
2018-02-12,05,0.1
2018-02-12,06,0.1
2018-02-12,07,0.09
2018-02-12,08,0.09
2018-02-12,09,0.14
2018-02-12,10,0.32
2018-02-12,11,0.21
2018-02-12,12,0.94
2018-02-12,13,0.9
2018-02-12,14,0.3
2018-02-12,15,0.28
2018-02-12,16,0.26
2018-02-12,17,0.27
2018-02-12,18,0.32
2018-02-12,19,0.59
2018-02-12,20,2.06
2018-02-12,21,2.56
2018-02-12,22,0.53
2018-02-12,23,0.22
2018-02-13,00,0.18
2018-02-13,01,0.11
2018-02-13,02,0.1
2018-02-13,03,0.11
2018-02-13,04,0.1
2018-02-13,05,0.09
2018-02-13,06,0.17
2018-02-13,07,0.28
2018-02-13,08,0.35
2018-02-13,09,0.24
2018-02-13,10,0.1
2018-02-13,11,0.13
2018-02-13,12,0.18
2018-02-13,13,0.09
2018-02-13,14,0.12
2018-02-13,15,0.11
2018-02-13,16,0.1
2018-02-13,17,0.18
2018-02-13,18,0.46
2018-02-13,19,1.02
2018-02-13,20,1.87
2018-02-13,21,1.09
2018-02-13,22,0.24
2018-02-13,23,0.29
2018-02-14,00,0.11
2018-02-14,01,0.1
2018-02-14,02,0.26
2018-02-14,03,0.28
2018-02-14,04,0.27
2018-02-14,05,0.12
2018-02-14,06,0.09
2018-02-14,07,0.1
2018-02-14,08,0.22
2018-02-14,09,0.43
2018-02-14,10,0.2
2018-02-14,11,0.17
2018-02-14,12,0.18
2018-02-14,13,0.16
2018-02-14,14,0.11
2018-02-14,15,0.1
2018-02-14,16,0.16
2018-02-14,17,0.33
2018-02-14,18,0.56
2018-02-14,19,1.15
2018-02-14,20,1.66
2018-02-14,21,1.1
2018-02-14,22,0.64
2018-02-14,23,0.32
2018-02-15,00,0.3
2018-02-15,01,0.47
2018-02-15,02,0.46
2018-02-15,03,0.26
2018-02-15,04,0.09
2018-02-15,05,0.1
2018-02-15,06,0.1
2018-02-15,07,0.09
2018-02-15,08,0.2
2018-02-15,09,0.14
2018-02-15,10,0.11
2018-02-15,11,0.18
2018-02-15,12,0.2
2018-02-15,13,0.14
2018-02-15,14,0.1
2018-02-15,15,0.33
2018-02-15,16,0.39
2018-02-15,17,0.78
2018-02-15,18,0.77
2018-02-15,19,0.31
2018-02-15,20,0.15
2018-02-15,21,0.12
2018-02-15,22,0.09
2018-02-15,23,0.1
2018-02-16,00,0.09
2018-02-16,01,0.09
2018-02-16,02,0.1
2018-02-16,03,0.12
2018-02-16,04,0.1
2018-02-16,05,0.09
2018-02-16,06,0.09
2018-02-16,07,0.1
2018-02-16,08,0.08
2018-02-16,09,0.1
2018-02-16,10,0.08
2018-02-16,11,0.11
2018-02-16,12,0.09
2018-02-16,13,0.08
2018-02-16,14,0.12
2018-02-16,15,0.08
2018-02-16,16,0.1
2018-02-16,17,0.09
2018-02-16,18,0.09
2018-02-16,19,0.1
2018-02-16,20,0.08
2018-02-16,21,0.1
2018-02-16,22,0.2
2018-02-16,23,0.11
2018-02-17,00,0.1
2018-02-17,01,0.09
2018-02-17,02,0.09
2018-02-17,03,0.14
2018-02-17,04,0.1
2018-02-17,05,0.13
2018-02-17,06,0.1
2018-02-17,07,0.11
2018-02-17,08,0.08
2018-02-17,09,0.11
2018-02-17,10,0.08
2018-02-17,11,0.09
2018-02-17,12,0.08
2018-02-17,13,0.11
2018-02-17,14,0.1
2018-02-17,15,0.09
2018-02-17,16,0.08
2018-02-17,17,0.09
2018-02-17,18,0.09
2018-02-17,19,0.09
2018-02-17,20,0.09
2018-02-17,21,0.08
2018-02-17,22,0.09
2018-02-17,23,0.08
2018-02-18,00,0.11
2018-02-18,01,0.08
2018-02-18,02,0.09
2018-02-18,03,0.1
2018-02-18,04,0.09
2018-02-18,05,0.08
2018-02-18,06,0.09
2018-02-18,07,0.09
2018-02-18,08,0.08
2018-02-18,09,0.09
2018-02-18,10,0.08
2018-02-18,11,0.11
2018-02-18,12,0.08
2018-02-18,13,0.09
2018-02-18,14,0.1
2018-02-18,15,0.09
2018-02-18,16,0.08
2018-02-18,17,0.09
2018-02-18,18,0.08
2018-02-18,19,0.08
2018-02-18,20,0.09
2018-02-18,21,0.08
2018-02-18,22,0.09
2018-02-18,23,0.08
2018-02-19,00,0.09
2018-02-19,01,0.08
2018-02-19,02,0.08
2018-02-19,03,0.13
2018-02-19,04,0.08
2018-02-19,05,0.09
2018-02-19,06,0.08
2018-02-19,07,0.08
2018-02-19,08,0.09
2018-02-19,09,0.08
2018-02-19,10,0.08
2018-02-19,11,0.09
2018-02-19,12,0.08
2018-02-19,13,0.09
2018-02-19,14,0.1
2018-02-19,15,0.08
2018-02-19,16,0.09
2018-02-19,17,0.08
2018-02-19,18,0.08
2018-02-19,19,0.09
2018-02-19,20,0.08
2018-02-19,21,0.38
2018-02-19,22,0.51
2018-02-19,23,0.37
2018-02-20,00,0.33
2018-02-20,01,0.32
2018-02-20,02,0.32
2018-02-20,03,0.34
2018-02-20,04,0.31
2018-02-20,05,0.32
2018-02-20,06,0.32
2018-02-20,07,0.34
2018-02-20,08,0.39
2018-02-20,09,0.09
2018-02-20,10,0.09
2018-02-20,11,0.1
2018-02-20,12,0.1
2018-02-20,13,0.08
2018-02-20,14,0.14
2018-02-20,15,0.1
2018-02-20,16,0.09
2018-02-20,17,0.09
2018-02-20,18,0.72
2018-02-20,19,1.4
2018-02-20,20,0.55
2018-02-20,21,1.11
2018-02-20,22,1.52
2018-02-20,23,0.16
2018-02-21,00,0.25
2018-02-21,01,0.26
2018-02-21,02,0.25
2018-02-21,03,0.15
2018-02-21,04,0.25
2018-02-21,05,0.25
2018-02-21,06,0.28
2018-02-21,07,0.26
2018-02-21,08,0.32
2018-02-21,09,0.11
2018-02-21,10,0.1
2018-02-21,11,0.09
2018-02-21,12,0.1
2018-02-21,13,0.09
2018-02-21,14,0.11
2018-02-21,15,0.13
2018-02-21,16,0.26
2018-02-21,17,0.94
2018-02-21,18,1.2
2018-02-21,19,0.89
2018-02-21,20,0.37
2018-02-21,21,0.39
2018-02-21,22,0.24
2018-02-21,23,0.11
2018-02-22,00,0.11
2018-02-22,01,0.15
2018-02-22,02,0.27
2018-02-22,03,0.3
2018-02-22,04,0.27
2018-02-22,05,0.17
2018-02-22,06,0.11
2018-02-22,07,0.11
2018-02-22,08,0.24
2018-02-22,09,0.1
2018-02-22,10,0.09
2018-02-22,11,0.1
2018-02-22,12,0.1
2018-02-22,13,0.08
2018-02-22,14,0.12
2018-02-22,15,0.1
2018-02-22,16,0.08
2018-02-22,17,0.15
2018-02-22,18,1.06
2018-02-22,19,0.55
2018-02-22,20,0.43
2018-02-22,21,0.34
2018-02-22,22,0.3
2018-02-22,23,0.27
2018-02-23,00,0.26
2018-02-23,01,0.27
2018-02-23,02,0.14
2018-02-23,03,0.16
2018-02-23,04,0.25
2018-02-23,05,0.22
2018-02-23,06,0.1
2018-02-23,07,0.19
2018-02-23,08,0.34
2018-02-23,09,0.1
2018-02-23,10,0.09
2018-02-23,11,0.1
2018-02-23,12,0.08
2018-02-23,13,0.11
2018-02-23,14,0.24
2018-02-23,15,0.27
2018-02-23,16,0.33
2018-02-23,17,0.27
2018-02-23,18,0.24
2018-02-23,19,0.25
2018-02-23,20,1.11
2018-02-23,21,0.59
2018-02-23,22,0.27
2018-02-23,23,0.14
2018-02-24,00,0.11
2018-02-24,01,0.1
2018-02-24,02,0.27
2018-02-24,03,0.29
2018-02-24,04,0.27
2018-02-24,05,0.13
2018-02-24,06,0.09
2018-02-24,07,0.12
2018-02-24,08,0.1
2018-02-24,09,0.1
2018-02-24,10,0.25
2018-02-24,11,0.12
2018-02-24,12,0.2
2018-02-24,13,0.19
2018-02-24,14,0.18
2018-02-24,15,0.15
2018-02-24,16,0.19
2018-02-24,17,0.28
2018-02-24,18,1.21
2018-02-24,19,2.48
2018-02-24,20,0.26
2018-02-24,21,0.25
2018-02-24,22,0.17
2018-02-24,23,0.16
2018-02-25,00,
2018-02-25,01,
2018-02-25,02,
2018-02-25,03,
2018-02-25,04,
2018-02-25,05,
2018-02-25,06,
2018-02-25,07,
2018-02-25,08,
2018-02-25,09,
2018-02-25,10,
2018-02-25,11,
2018-02-25,12,
2018-02-25,13,
2018-02-25,14,
2018-02-25,15,
2018-02-25,16,
2018-02-25,17,
2018-02-25,18,
2018-02-25,19,
2018-02-25,20,
2018-02-25,21,
2018-02-25,22,
2018-02-25,23,
2018-02-26,00,0.28
2018-02-26,01,0.3
2018-02-26,02,0.22
2018-02-26,03,0.12
2018-02-26,04,0.11
2018-02-26,05,0.12
2018-02-26,06,0.11
2018-02-26,07,0.12
2018-02-26,08,0.21
2018-02-26,09,0.2
2018-02-26,10,0.15
2018-02-26,11,0.1
2018-02-26,12,0.08
2018-02-26,13,0.09
2018-02-26,14,0.09
2018-02-26,15,0.11
2018-02-26,16,0.09
2018-02-26,17,0.24
2018-02-26,18,0.26
2018-02-26,19,0.43
2018-02-26,20,0.32
2018-02-26,21,0.36
2018-02-26,22,0.27
2018-02-26,23,0.14
2018-02-27,00,0.09
2018-02-27,01,0.11
2018-02-27,02,0.09
2018-02-27,03,0.1
2018-02-27,04,0.09
2018-02-27,05,0.1
2018-02-27,06,0.09
2018-02-27,07,0.18
2018-02-27,08,0.34
2018-02-27,09,0.26
2018-02-27,10,0.09
2018-02-27,11,0.12
2018-02-27,12,0.1
2018-02-27,13,0.1
2018-02-27,14,0.1
2018-02-27,15,0.1
2018-02-27,16,0.09
2018-02-27,17,0.16
2018-02-27,18,0.57
2018-02-27,19,0.28
2018-02-27,20,0.31
2018-02-27,21,0.25
2018-02-27,22,0.18
2018-02-27,23,0.13
2018-02-28,00,0.16
2018-02-28,01,0.31
2018-02-28,02,0.29
2018-02-28,03,0.23
2018-02-28,04,0.12
2018-02-28,05,0.12
2018-02-28,06,0.12
2018-02-28,07,0.12
2018-02-28,08,0.2
2018-02-28,09,0.09
2018-02-28,10,0.11
2018-02-28,11,0.11
2018-02-28,12,0.1
2018-02-28,13,0.1
2018-02-28,14,0.13
2018-02-28,15,0.24
2018-02-28,16,0.28
2018-02-28,17,0.27
2018-02-28,18,0.21
2018-02-28,19,0.32
2018-02-28,20,0.23
2018-02-28,21,0.15
2018-02-28,22,0.17
2018-02-28,23,0.17
2018-03-01,00,0.09
2018-03-01,01,0.09
2018-03-01,02,0.11
2018-03-01,03,0.11
2018-03-01,04,0.11
2018-03-01,05,0.09
2018-03-01,06,0.09
2018-03-01,07,0.25
2018-03-01,08,0.34
2018-03-01,09,0.2
2018-03-01,10,0.1
2018-03-01,11,0.09
2018-03-01,12,0.11
2018-03-01,13,0.09
2018-03-01,14,0.11
2018-03-01,15,0.11
2018-03-01,16,0.09
2018-03-01,17,0.11
2018-03-01,18,0.11
2018-03-01,19,0.12
2018-03-01,20,0.13
2018-03-01,21,0.13
2018-03-01,22,0.19
2018-03-01,23,0.11
2018-03-02,00,0.09
2018-03-02,01,0.13
2018-03-02,02,0.27
2018-03-02,03,0.29
2018-03-02,04,0.25
2018-03-02,05,0.09
2018-03-02,06,0.1
2018-03-02,07,0.09
2018-03-02,08,0.11
2018-03-02,09,0.16
2018-03-02,10,0.09
2018-03-02,11,0.11
2018-03-02,12,0.09
2018-03-02,13,0.11
2018-03-02,14,0.11
2018-03-02,15,0.09
2018-03-02,16,0.1
2018-03-02,17,0.16
2018-03-02,18,0.3
2018-03-02,19,0.5
2018-03-02,20,0.72
2018-03-02,21,1.07
2018-03-02,22,0.38
2018-03-02,23,0.31
2018-03-03,00,0.25
2018-03-03,01,0.15
2018-03-03,02,0.1
2018-03-03,03,0.1
2018-03-03,04,0.1
2018-03-03,05,0.09
2018-03-03,06,0.11
2018-03-03,07,0.17
2018-03-03,08,0.32
2018-03-03,09,0.72
2018-03-03,10,0.32
2018-03-03,11,0.32
2018-03-03,12,0.88
2018-03-03,13,0.33
2018-03-03,14,0.27
2018-03-03,15,0.29
2018-03-03,16,0.29
2018-03-03,17,0.15
2018-03-03,18,0.11
2018-03-03,19,0.11
2018-03-03,20,0.11
2018-03-03,21,0.1
2018-03-03,22,0.12
2018-03-03,23,0.1
2018-03-04,00,0.12
2018-03-04,01,0.13
2018-03-04,02,0.22
2018-03-04,03,0.17
2018-03-04,04,0.3
2018-03-04,05,0.28
2018-03-04,06,0.22
2018-03-04,07,0.12
2018-03-04,08,0.1
2018-03-04,09,0.12
2018-03-04,10,0.71
2018-03-04,11,0.23
2018-03-04,12,0.21
2018-03-04,13,0.1
2018-03-04,14,0.13
2018-03-04,15,0.09
2018-03-04,16,0.85
2018-03-04,17,0.31
2018-03-04,18,0.29
2018-03-04,19,0.46
2018-03-04,20,0.61
2018-03-04,21,0.66
2018-03-04,22,0.28
2018-03-04,23,0.15
2018-03-05,00,0.1
2018-03-05,01,0.11
2018-03-05,02,0.09
2018-03-05,03,0.16
2018-03-05,04,0.27
2018-03-05,05,0.27
2018-03-05,06,0.34
2018-03-05,07,0.12
2018-03-05,08,0.28
2018-03-05,09,0.09
2018-03-05,10,0.11
2018-03-05,11,0.09
2018-03-05,12,0.1
2018-03-05,13,0.1
2018-03-05,14,0.09
2018-03-05,15,0.1
2018-03-05,16,0.09
2018-03-05,17,0.11
2018-03-05,18,0.21
2018-03-05,19,0.11
2018-03-05,20,0.09
2018-03-05,21,0.11
2018-03-05,22,0.09
2018-03-05,23,0.11
2018-03-06,00,0.26
2018-03-06,01,0.28
2018-03-06,02,0.25
2018-03-06,03,0.09
2018-03-06,04,0.11
2018-03-06,05,0.09
2018-03-06,06,0.11
2018-03-06,07,0.12
2018-03-06,08,0.25
2018-03-06,09,0.09
2018-03-06,10,0.11
2018-03-06,11,0.09
2018-03-06,12,0.11
2018-03-06,13,0.09
2018-03-06,14,0.1
2018-03-06,15,0.09
2018-03-06,16,0.1
2018-03-06,17,0.19
2018-03-06,18,0.34
2018-03-06,19,0.32
2018-03-06,20,0.25
2018-03-06,21,0.14
2018-03-06,22,0.1
2018-03-06,23,0.13
2018-03-07,00,0.4
2018-03-07,01,0.11
2018-03-07,02,0.09
2018-03-07,03,0.12
2018-03-07,04,0.09
2018-03-07,05,0.09
2018-03-07,06,0.1
2018-03-07,07,0.08
2018-03-07,08,0.23
2018-03-07,09,0.09
2018-03-07,10,0.11
2018-03-07,11,0.15
2018-03-07,12,0.4
2018-03-07,13,0.12
2018-03-07,14,0.18
2018-03-07,15,0.12
2018-03-07,16,0.5
2018-03-07,17,0.97
2018-03-07,18,1.85
2018-03-07,19,0.54
2018-03-07,20,0.51
2018-03-07,21,0.55
2018-03-07,22,0.52
2018-03-07,23,0.17
2018-03-08,00,0.1
2018-03-08,01,0.09
2018-03-08,02,0.11
2018-03-08,03,0.22
2018-03-08,04,0.13
2018-03-08,05,0.08
2018-03-08,06,0.11
2018-03-08,07,0.11
2018-03-08,08,0.11
2018-03-08,09,0.1
2018-03-08,10,0.1
2018-03-08,11,0.11
2018-03-08,12,0.08
2018-03-08,13,0.12
2018-03-08,14,0.1
2018-03-08,15,0.12
2018-03-08,16,0.1
2018-03-08,17,0.17
2018-03-08,18,0.41
2018-03-08,19,0.48
2018-03-08,20,0.28
2018-03-08,21,0.34
2018-03-08,22,0.29
2018-03-08,23,0.17
2018-03-09,00,0.09
2018-03-09,01,0.1
2018-03-09,02,0.08
2018-03-09,03,0.11
2018-03-09,04,0.1
2018-03-09,05,0.09
2018-03-09,06,0.12
2018-03-09,07,0.12
2018-03-09,08,0.21
2018-03-09,09,0.1
2018-03-09,10,0.09
2018-03-09,11,0.09
2018-03-09,12,0.09
2018-03-09,13,0.08
2018-03-09,14,0.12
2018-03-09,15,0.09
2018-03-09,16,0.09
2018-03-09,17,0.11
2018-03-09,18,0.3
2018-03-09,19,0.27
2018-03-09,20,0.35
2018-03-09,21,0.44
2018-03-09,22,0.38
2018-03-09,23,0.5
2018-03-10,00,0.59
2018-03-10,01,0.51
2018-03-10,02,0.33
2018-03-10,03,0.24
2018-03-10,04,0.09
2018-03-10,05,0.12
2018-03-10,06,0.1
2018-03-10,07,0.1
2018-03-10,08,0.11
2018-03-10,09,0.2
2018-03-10,10,0.84
2018-03-10,11,0.41
2018-03-10,12,2.24
2018-03-10,13,0.32
2018-03-10,14,0.25
2018-03-10,15,0.3
2018-03-10,16,0.31
2018-03-10,17,0.1
2018-03-10,18,0.47
2018-03-10,19,1.85
2018-03-10,20,0.95
2018-03-10,21,0.4
2018-03-10,22,0.35
2018-03-10,23,0.33
2018-03-11,00,0.21
2018-03-11,01,0.12
2018-03-11,03,0.11
2018-03-11,04,0.1
2018-03-11,05,0.11
2018-03-11,06,0.1
2018-03-11,07,0.09
2018-03-11,08,0.11
2018-03-11,09,0.2
2018-03-11,10,0.51
2018-03-11,11,0.46
2018-03-11,12,0.32
2018-03-11,13,0.32
2018-03-11,14,0.31
2018-03-11,15,0.9
2018-03-11,16,0.95
2018-03-11,17,0.38
2018-03-11,18,0.34
2018-03-11,19,1.09
2018-03-11,20,0.68
2018-03-11,21,0.32
2018-03-11,22,0.23
2018-03-11,23,0.13
2018-03-12,00,0.09
2018-03-12,01,0.11
2018-03-12,02,0.1
2018-03-12,03,0.09
2018-03-12,04,0.1
2018-03-12,05,0.09
2018-03-12,06,0.1
2018-03-12,07,0.23
2018-03-12,08,0.3
2018-03-12,09,0.11
2018-03-12,10,0.1
2018-03-12,11,0.09
2018-03-12,12,0.1
2018-03-12,13,0.09
2018-03-12,14,
2018-03-12,15,0.1
2018-03-12,16,0.08
2018-03-12,17,0.11
2018-03-12,18,0.27
2018-03-12,19,1.27
2018-03-12,20,1
2018-03-12,21,0.45
2018-03-12,22,0.1
2018-03-12,23,0.11
2018-03-13,00,0.11
2018-03-13,01,0.1
2018-03-13,02,0.09
2018-03-13,03,0.1
2018-03-13,04,0.11
2018-03-13,05,0.09
2018-03-13,06,0.11
2018-03-13,07,0.14
2018-03-13,08,0.17
2018-03-13,09,0.1
2018-03-13,10,0.09
2018-03-13,11,0.1
2018-03-13,12,0.1
2018-03-13,13,0.09
2018-03-13,14,0.1
2018-03-13,15,0.12
2018-03-13,16,0.08
2018-03-13,17,0.11
2018-03-13,18,0.11
2018-03-13,19,0.11
2018-03-13,20,0.21
2018-03-13,21,0.49
2018-03-13,22,0.16
2018-03-13,23,0.12
2018-03-14,00,0.1
2018-03-14,01,0.1
2018-03-14,02,0.1
2018-03-14,03,0.09
2018-03-14,04,0.11
2018-03-14,05,0.1
2018-03-14,06,0.09
2018-03-14,07,0.12
2018-03-14,08,0.21
2018-03-14,09,0.1
2018-03-14,10,0.28
2018-03-14,11,0.28
2018-03-14,12,0.1
2018-03-14,13,0.1
2018-03-14,14,0.1
2018-03-14,15,0.1
2018-03-14,16,0.1
2018-03-14,17,0.11
2018-03-14,18,0.09
2018-03-14,19,0.1
2018-03-14,20,0.1
2018-03-14,21,0.31
2018-03-14,22,0.14
2018-03-14,23,0.11
2018-03-15,00,0.09
2018-03-15,01,0.1
2018-03-15,02,0.1
2018-03-15,03,0.08
2018-03-15,04,0.12
2018-03-15,05,0.1
2018-03-15,06,0.08
2018-03-15,07,0.25
2018-03-15,08,0.36
2018-03-15,09,0.22
2018-03-15,10,0.1
2018-03-15,11,0.1
2018-03-15,12,0.09
2018-03-15,13,0.2
2018-03-15,14,0.13
2018-03-15,15,0.12
2018-03-15,16,0.1
2018-03-15,17,0.13
2018-03-15,18,0.19
2018-03-15,19,0.22
2018-03-15,20,0.51
2018-03-15,21,0.5
2018-03-15,22,0.33
2018-03-15,23,0.13
2018-03-16,00,0.1
2018-03-16,01,0.11
2018-03-16,02,0.1
2018-03-16,03,0.09
2018-03-16,04,0.12
2018-03-16,05,0.1
2018-03-16,06,0.08
2018-03-16,07,0.13
2018-03-16,08,0.11
2018-03-16,09,0.08
2018-03-16,10,0.1
2018-03-16,11,0.1
2018-03-16,12,0.08
2018-03-16,13,0.1
2018-03-16,14,0.1
2018-03-16,15,0.11
2018-03-16,16,0.1
2018-03-16,17,0.1
2018-03-16,18,0.1
2018-03-16,19,0.09
2018-03-16,20,0.19
2018-03-16,21,0.2
2018-03-16,22,0.24
2018-03-16,23,0.21
2018-03-17,00,0.22
2018-03-17,01,0.27
2018-03-17,02,0.28
2018-03-17,03,0.2
2018-03-17,04,0.1
2018-03-17,05,0.1
2018-03-17,06,0.1
2018-03-17,07,0.09
2018-03-17,08,0.1
2018-03-17,09,0.11
2018-03-17,10,0.33
2018-03-17,11,0.18
2018-03-17,12,0.24
2018-03-17,13,0.2
2018-03-17,14,0.29
2018-03-17,15,1.03
2018-03-17,16,1.72
2018-03-17,17,2.23
2018-03-17,18,0.21
2018-03-17,19,0.17
2018-03-17,20,0.31
2018-03-17,21,0.24
2018-03-17,22,0.49
2018-03-17,23,0.3
2018-03-18,00,0.23
2018-03-18,01,0.22
2018-03-18,02,0.21
2018-03-18,03,0.14
2018-03-18,04,0.1
2018-03-18,05,0.1
2018-03-18,06,0.08
2018-03-18,07,0.1
2018-03-18,08,0.11
2018-03-18,09,0.26
2018-03-18,10,1.69
2018-03-18,11,0.61
2018-03-18,12,0.2
2018-03-18,13,0.19
2018-03-18,14,0.2
2018-03-18,15,0.22
2018-03-18,16,0.2
2018-03-18,17,0.25
2018-03-18,18,0.1
2018-03-18,19,0.11
2018-03-18,20,0.12
2018-03-18,21,0.15
2018-03-18,22,0.14
2018-03-18,23,0.11
2018-03-19,00,0.09
2018-03-19,01,0.19
2018-03-19,02,0.28
2018-03-19,03,0.26
2018-03-19,04,0.15
2018-03-19,05,0.1
2018-03-19,06,0.09
2018-03-19,07,0.14
2018-03-19,08,0.24
2018-03-19,09,0.09
2018-03-19,10,0.1
2018-03-19,11,0.1
2018-03-19,12,0.09
2018-03-19,13,0.1
2018-03-19,14,0.1
2018-03-19,15,0.09
2018-03-19,16,0.09
2018-03-19,17,0.11
2018-03-19,18,0.12
2018-03-19,19,1.04
2018-03-19,20,0.35
2018-03-19,21,0.26
2018-03-19,22,0.35
2018-03-19,23,0.2
2018-03-20,00,0.1
2018-03-20,01,0.11
2018-03-20,02,0.09
2018-03-20,03,0.11
2018-03-20,04,0.09
2018-03-20,05,0.16
2018-03-20,06,0.28
2018-03-20,07,0.28
2018-03-20,08,0.31
2018-03-20,09,0.09
2018-03-20,10,0.1
2018-03-20,11,0.09
2018-03-20,12,0.1
2018-03-20,13,0.1
2018-03-20,14,0.09
2018-03-20,15,0.1
2018-03-20,16,0.08
2018-03-20,17,0.1
2018-03-20,18,0.2
2018-03-20,19,0.73
2018-03-20,20,0.32
2018-03-20,21,0.4
2018-03-20,22,0.18
2018-03-20,23,0.18
2018-03-21,00,0.1
2018-03-21,01,0.11
2018-03-21,02,0.09
2018-03-21,03,0.11
2018-03-21,04,0.11
2018-03-21,05,0.27
2018-03-21,06,0.28
2018-03-21,07,0.26
2018-03-21,08,0.28
2018-03-21,09,0.09
2018-03-21,10,0.1
2018-03-21,11,0.08
2018-03-21,12,0.11
2018-03-21,13,0.09
2018-03-21,14,0.1
2018-03-21,15,0.12
2018-03-21,16,0.09
2018-03-21,17,0.13
2018-03-21,18,0.1
2018-03-21,19,0.96
2018-03-21,20,0.25
2018-03-21,21,0.14
2018-03-21,22,0.12
2018-03-21,23,0.17
2018-03-22,00,0.18
2018-03-22,01,0.21
2018-03-22,02,0.12
2018-03-22,03,0.1
2018-03-22,04,0.12
2018-03-22,05,0.1
2018-03-22,06,0.11
2018-03-22,07,0.15
2018-03-22,08,0.29
2018-03-22,09,0.12
2018-03-22,10,0.12
2018-03-22,11,0.12
2018-03-22,12,0.09
2018-03-22,13,0.25
2018-03-22,14,0.28
2018-03-22,15,0.27
2018-03-22,16,0.1
2018-03-22,17,0.1
2018-03-22,18,0.11
2018-03-22,19,1.29
2018-03-22,20,0.34
2018-03-22,21,0.2
2018-03-22,22,0.26
2018-03-22,23,0.15
2018-03-23,00,0.12
2018-03-23,01,0.1
2018-03-23,02,0.1
2018-03-23,03,0.11
2018-03-23,04,0.11
2018-03-23,05,0.13
2018-03-23,06,0.22
2018-03-23,07,0.29
2018-03-23,08,0.31
2018-03-23,09,0.1
2018-03-23,10,0.1
2018-03-23,11,0.09
2018-03-23,12,0.11
2018-03-23,13,0.09
2018-03-23,14,0.11
2018-03-23,15,0.11
2018-03-23,16,0.11
2018-03-23,17,0.45
2018-03-23,18,0.4
2018-03-23,19,2.85
2018-03-23,20,1.49
2018-03-23,21,0.69
2018-03-23,22,0.88
2018-03-23,23,0.24
2018-03-24,00,0.12
2018-03-24,01,0.1
2018-03-24,02,0.1
2018-03-24,03,0.11
2018-03-24,04,0.13
2018-03-24,05,0.2
2018-03-24,06,0.27
2018-03-24,07,0.28
2018-03-24,08,0.21
2018-03-24,09,0.1
2018-03-24,10,0.13
2018-03-24,11,0.1
2018-03-24,12,0.11
2018-03-24,13,0.1
2018-03-24,14,0.14
2018-03-24,15,0.37
2018-03-24,16,0.34
2018-03-24,17,0.39
2018-03-24,18,0.33
2018-03-24,19,0.87
2018-03-24,20,0.33
2018-03-24,21,0.22
2018-03-24,22,0.27
2018-03-24,23,0.31
2018-03-25,00,0.36
2018-03-25,01,0.34
2018-03-25,02,0.3
2018-03-25,03,0.12
2018-03-25,04,0.15
2018-03-25,05,0.27
2018-03-25,06,0.28
2018-03-25,07,0.26
2018-03-25,08,0.18
2018-03-25,09,0.09
2018-03-25,10,0.11
2018-03-25,11,0.09
2018-03-25,12,0.56
2018-03-25,13,0.24
2018-03-25,14,0.23
2018-03-25,15,0.31
2018-03-25,16,0.3
2018-03-25,17,0.24
2018-03-25,18,0.2
2018-03-25,19,1.59
2018-03-25,20,0.28
2018-03-25,21,0.29
2018-03-25,22,0.27
2018-03-25,23,0.31
2018-03-26,00,0.1
2018-03-26,01,0.11
2018-03-26,02,0.11
2018-03-26,03,0.11
2018-03-26,04,0.12
2018-03-26,05,0.13
2018-03-26,06,0.09
2018-03-26,07,0.15
2018-03-26,08,0.37
2018-03-26,09,0.26
2018-03-26,10,0.19
2018-03-26,11,0.08
2018-03-26,12,0.11
2018-03-26,13,0.4
2018-03-26,14,0.3
2018-03-26,15,0.68
2018-03-26,16,0.59
2018-03-26,17,0.43
2018-03-26,18,0.52
2018-03-26,19,1.36
2018-03-26,20,0.44
2018-03-26,21,0.2
2018-03-26,22,0.22
2018-03-26,23,0.18
2018-03-27,00,0.11
2018-03-27,01,0.12
2018-03-27,02,0.13
2018-03-27,03,0.1
2018-03-27,04,0.15
2018-03-27,05,0.1
2018-03-27,06,0.12
2018-03-27,07,0.13
2018-03-27,08,0.22
2018-03-27,09,0.1
2018-03-27,10,0.09
2018-03-27,11,0.21
2018-03-27,12,0.17
2018-03-27,13,0.14
2018-03-27,14,0.15
2018-03-27,15,0.61
2018-03-27,16,0.11
2018-03-27,17,0.1
2018-03-27,18,0.49
2018-03-27,19,0.32
2018-03-27,20,0.29
2018-03-27,21,0.23
2018-03-27,22,0.26
2018-03-27,23,0.22
2018-03-28,00,0.13
2018-03-28,01,0.13
2018-03-28,02,0.12
2018-03-28,03,0.1
2018-03-28,04,0.12
2018-03-28,05,0.09
2018-03-28,06,0.24
2018-03-28,07,0.29
2018-03-28,08,0.31
2018-03-28,09,0.1
2018-03-28,10,0.19
2018-03-28,11,0.28
2018-03-28,12,0.16
2018-03-28,13,0.1
2018-03-28,14,0.11
2018-03-28,15,0.11
2018-03-28,16,0.12
2018-03-28,17,0.34
2018-03-28,18,0.33
2018-03-28,19,0.48
2018-03-28,20,0.95
2018-03-28,21,0.22
2018-03-28,22,0.16
2018-03-28,23,0.15
2018-03-29,00,0.15
2018-03-29,01,0.14
2018-03-29,02,0.11
2018-03-29,03,0.09
2018-03-29,04,0.11
2018-03-29,05,0.1
2018-03-29,06,0.09
2018-03-29,07,0.1
2018-03-29,08,0.18
2018-03-29,09,0.09
2018-03-29,10,0.1
2018-03-29,11,0.09
2018-03-29,12,0.1
2018-03-29,13,0.24
2018-03-29,14,0.09
2018-03-29,15,0.11
2018-03-29,16,0.15
2018-03-29,17,0.39
2018-03-29,18,0.24
2018-03-29,19,0.42
2018-03-29,20,0.31
2018-03-29,21,0.28
2018-03-29,22,0.26
2018-03-29,23,0.28
2018-03-30,00,0.1
2018-03-30,01,0.09
2018-03-30,02,0.1
2018-03-30,03,0.12
2018-03-30,04,0.19
2018-03-30,05,0.2
2018-03-30,06,0.16
2018-03-30,07,0.11
2018-03-30,08,0.11
2018-03-30,09,0.1
2018-03-30,10,0.09
2018-03-30,11,0.1
2018-03-30,12,0.1
2018-03-30,13,0.09
2018-03-30,14,0.11
2018-03-30,15,0.14
2018-03-30,16,0.1
2018-03-30,17,0.11
2018-03-30,18,0.22
2018-03-30,19,0.27
2018-03-30,20,3.18
2018-03-30,21,0.32
2018-03-30,22,1.48
2018-03-30,23,1.03
2018-03-31,00,0.22
2018-03-31,01,0.28
2018-03-31,02,0.17
2018-03-31,03,0.11
2018-03-31,04,0.09
2018-03-31,05,0.1
2018-03-31,06,0.09
2018-03-31,07,0.09
2018-03-31,08,0.14
2018-03-31,09,0.27
2018-03-31,10,0.32
2018-03-31,11,0.13
2018-03-31,12,0.09
2018-03-31,13,0.11
2018-03-31,14,0.09
2018-03-31,15,0.13
2018-03-31,16,0.09
2018-03-31,17,0.11
2018-03-31,18,0.09
2018-03-31,19,0.11
2018-03-31,20,0.09
2018-03-31,21,0.1
2018-03-31,22,0.1
2018-03-31,23,0.1
2018-04-01,00,0.1
2018-04-01,01,0.09
2018-04-01,02,0.1
2018-04-01,03,0.09
2018-04-01,04,0.12
2018-04-01,05,0.09
2018-04-01,06,0.1
2018-04-01,07,0.08
2018-04-01,08,0.1
2018-04-01,09,0.08
2018-04-01,10,0.1
2018-04-01,11,0.08
2018-04-01,12,0.1
2018-04-01,13,0.08
2018-04-01,14,0.1
2018-04-01,15,0.1
2018-04-01,16,0.1
2018-04-01,17,0.08
2018-04-01,18,0.1
2018-04-01,19,0.08
2018-04-01,20,0.1
2018-04-01,21,0.08
2018-04-01,22,0.09
2018-04-01,23,0.09
2018-04-02,00,0.09
2018-04-02,01,0.09
2018-04-02,02,0.08
2018-04-02,03,0.1
2018-04-02,04,0.1
2018-04-02,05,0.1
2018-04-02,06,0.08
2018-04-02,07,0.1
2018-04-02,08,0.08
2018-04-02,09,0.09
2018-04-02,10,0.09
2018-04-02,11,0.08
2018-04-02,12,0.1
2018-04-02,13,0.08
2018-04-02,14,0.1
2018-04-02,15,0.1
2018-04-02,16,0.09
2018-04-02,17,0.08
2018-04-02,18,0.08
2018-04-02,19,0.09
2018-04-02,20,0.08
2018-04-02,21,0.1
2018-04-02,22,0.08
2018-04-02,23,0.1
2018-04-03,00,0.08
2018-04-03,01,0.09
2018-04-03,02,0.09
2018-04-03,03,0.08
2018-04-03,04,0.12
2018-04-03,05,0.08
2018-04-03,06,0.1
2018-04-03,07,0.08
2018-04-03,08,0.09
2018-04-03,09,0.09
2018-04-03,10,0.08
2018-04-03,11,0.1
2018-04-03,12,0.08
2018-04-03,13,0.09
2018-04-03,14,0.09
2018-04-03,15,0.1
2018-04-03,16,0.1
2018-04-03,17,0.08
2018-04-03,18,0.09
2018-04-03,19,0.09
2018-04-03,20,0.08
2018-04-03,21,0.1
2018-04-03,22,0.08
2018-04-03,23,0.09
2018-04-04,00,0.09
2018-04-04,01,0.08
2018-04-04,02,0.1
2018-04-04,03,0.08
2018-04-04,04,0.11
2018-04-04,05,0.09
2018-04-04,06,0.08
2018-04-04,07,0.09
2018-04-04,08,0.08
2018-04-04,09,0.09
2018-04-04,10,0.09
2018-04-04,11,0.08
2018-04-04,12,0.1
2018-04-04,13,0.1
2018-04-04,14,0.08
2018-04-04,15,0.21
2018-04-04,16,0.13
2018-04-04,17,0.08
2018-04-04,18,0.12
2018-04-04,19,0.08
2018-04-04,20,0.08
2018-04-04,21,0.1
2018-04-04,22,0.08
2018-04-04,23,0.11
2018-04-05,00,0.09
2018-04-05,01,0.08
2018-04-05,02,0.12
2018-04-05,03,0.08
2018-04-05,04,0.1
2018-04-05,05,0.12
2018-04-05,06,0.1
2018-04-05,07,0.09
2018-04-05,08,0.11
2018-04-05,09,0.08
2018-04-05,10,0.11
2018-04-05,11,0.09
2018-04-05,12,0.1
2018-04-05,13,0.11
2018-04-05,14,0.1
2018-04-05,15,0.1
2018-04-05,16,0.1
2018-04-05,17,0.1
2018-04-05,18,0.09
2018-04-05,19,0.08
2018-04-05,20,0.1
2018-04-05,21,0.09
2018-04-05,22,0.08
2018-04-05,23,0.08
2018-04-06,00,0.11
2018-04-06,01,0.08
2018-04-06,02,0.08
2018-04-06,03,0.09
2018-04-06,04,0.1
2018-04-06,05,0.11
2018-04-06,06,0.08
2018-04-06,07,0.08
2018-04-06,08,0.09
2018-04-06,09,0.08
2018-04-06,10,0.08
2018-04-06,11,0.1
2018-04-06,12,0.08
2018-04-06,13,0.09
2018-04-06,14,0.09
2018-04-06,15,0.1
2018-04-06,16,0.1
2018-04-06,17,0.08
2018-04-06,18,0.08
2018-04-06,19,0.1
2018-04-06,20,0.08
2018-04-06,21,0.09
2018-04-06,22,0.1
2018-04-06,23,0.08
2018-04-07,00,0.1
2018-04-07,01,0.08
2018-04-07,02,0.09
2018-04-07,03,0.09
2018-04-07,04,0.12
2018-04-07,05,0.12
2018-04-07,06,0.1
2018-04-07,07,0.14
2018-04-07,08,0.1
2018-04-07,09,0.1
2018-04-07,10,0.09
2018-04-07,11,0.12
2018-04-07,12,0.1
2018-04-07,13,0.1
2018-04-07,14,0.08
2018-04-07,15,0.1
2018-04-07,16,0.09
2018-04-07,17,0.1
2018-04-07,18,0.1
2018-04-07,19,0.08
2018-04-07,20,0.08
2018-04-07,21,0.09
2018-04-07,22,0.08
2018-04-07,23,0.11
2018-04-08,00,0.08
2018-04-08,01,0.08
2018-04-08,02,0.1
2018-04-08,03,0.08
2018-04-08,04,0.11
2018-04-08,05,0.11
2018-04-08,06,0.08
2018-04-08,07,0.09
2018-04-08,08,0.08
2018-04-08,09,0.1
2018-04-08,10,0.09
2018-04-08,11,0.08
2018-04-08,12,0.09
2018-04-08,13,0.08
2018-04-08,14,0.08
2018-04-08,15,
2018-04-08,16,0.08
2018-04-08,17,0.09
2018-04-08,18,0.09
2018-04-08,19,0.37
2018-04-08,20,0.61
2018-04-08,21,0.61
2018-04-08,22,0.58
2018-04-08,23,0.38
2018-04-09,00,0.33
2018-04-09,01,0.35
2018-04-09,02,0.27
2018-04-09,03,0.17
2018-04-09,04,0.1
2018-04-09,05,0.09
2018-04-09,06,0.14
2018-04-09,07,0.2
2018-04-09,08,0.25
2018-04-09,09,0.1
2018-04-09,10,0.08
2018-04-09,11,0.1
2018-04-09,12,0.09
2018-04-09,13,0.1
2018-04-09,14,0.09
2018-04-09,15,0.09
2018-04-09,16,0.09
2018-04-09,17,0.09
2018-04-09,18,0.1
2018-04-09,19,0.5
2018-04-09,20,2.13
2018-04-09,21,2.51
2018-04-09,22,0.32
2018-04-09,23,0.16
2018-04-10,00,0.12
2018-04-10,01,0.1
2018-04-10,02,0.1
2018-04-10,03,0.1
2018-04-10,04,0.1
2018-04-10,05,0.1
2018-04-10,06,0.09
2018-04-10,07,0.2
2018-04-10,08,0.25
2018-04-10,09,0.11
2018-04-10,10,0.09
2018-04-10,11,0.11
2018-04-10,12,0.09
2018-04-10,13,0.09
2018-04-10,14,0.1
2018-04-10,15,0.09
2018-04-10,16,0.1
2018-04-10,17,0.09
2018-04-10,18,0.1
2018-04-10,19,0.09
2018-04-10,20,0.42
2018-04-10,21,0.22
2018-04-10,22,0.12
2018-04-10,23,0.1
2018-04-11,00,0.11
2018-04-11,01,0.09
2018-04-11,02,0.11
2018-04-11,03,0.09
2018-04-11,04,0.12
2018-04-11,05,0.08
2018-04-11,06,0.1
2018-04-11,07,0.11
2018-04-11,08,0.26
2018-04-11,09,0.08
2018-04-11,10,0.1
2018-04-11,11,0.08
2018-04-11,12,0.12
2018-04-11,13,0.08
2018-04-11,14,0.09
2018-04-11,15,0.11
2018-04-11,16,0.11
2018-04-11,17,0.11
2018-04-11,18,0.41
2018-04-11,19,0.63
2018-04-11,20,0.63
2018-04-11,21,0.27
2018-04-11,22,0.18
2018-04-11,23,0.11
2018-04-12,00,0.1
2018-04-12,01,0.11
2018-04-12,02,0.08
2018-04-12,03,0.1
2018-04-12,04,0.1
2018-04-12,05,0.11
2018-04-12,06,0.09
2018-04-12,07,0.12
2018-04-12,08,0.25
2018-04-12,09,0.14
2018-04-12,10,0.12
2018-04-12,11,0.1
2018-04-12,12,0.1
2018-04-12,13,0.09
2018-04-12,14,0.1
2018-04-12,15,0.11
2018-04-12,16,0.12
2018-04-12,17,0.65
2018-04-12,18,1.29
2018-04-12,19,0.29
2018-04-12,20,0.51
2018-04-12,21,0.28
2018-04-12,22,0.27
2018-04-12,23,0.23
2018-04-13,00,0.16
2018-04-13,01,0.11
2018-04-13,02,0.13
2018-04-13,03,0.09
2018-04-13,04,0.11
2018-04-13,05,0.14
2018-04-13,06,0.28
2018-04-13,07,0.27
2018-04-13,08,0.28
2018-04-13,09,0.1
2018-04-13,10,0.14
2018-04-13,11,0.08
2018-04-13,12,0.12
2018-04-13,13,0.09
2018-04-13,14,0.1
2018-04-13,15,0.1
2018-04-13,16,0.1
2018-04-13,17,0.08
2018-04-13,18,0.1
2018-04-13,19,0.11
2018-04-13,20,0.1
2018-04-13,21,0.11
2018-04-13,22,0.57
2018-04-13,23,0.48
2018-04-14,00,0.25
2018-04-14,01,0.09
2018-04-14,02,0.1
2018-04-14,03,0.09
2018-04-14,04,0.1
2018-04-14,05,0.09
2018-04-14,06,0.1
2018-04-14,07,0.09
2018-04-14,08,0.09
2018-04-14,09,0.11
2018-04-14,10,0.11
2018-04-14,11,0.32
2018-04-14,12,0.2
2018-04-14,13,0.25
2018-04-14,14,0.13
2018-04-14,15,0.17
2018-04-14,16,0.3
2018-04-14,17,0.32
2018-04-14,18,0.23
2018-04-14,19,0.11
2018-04-14,20,0.11
2018-04-14,21,0.12
2018-04-14,22,0.09
2018-04-14,23,0.1
2018-04-15,00,0.28
2018-04-15,01,1.1
2018-04-15,02,0.85
2018-04-15,03,0.17
2018-04-15,04,0.15
2018-04-15,05,0.11
2018-04-15,06,0.1
2018-04-15,07,0.13
2018-04-15,08,0.08
2018-04-15,09,0.1
2018-04-15,10,0.11
2018-04-15,11,0.64
2018-04-15,12,0.58
2018-04-15,13,0.42
2018-04-15,14,0.34
2018-04-15,15,0.31
2018-04-15,16,0.34
2018-04-15,17,0.78
2018-04-15,18,0.61
2018-04-15,19,0.26
2018-04-15,20,0.32
2018-04-15,21,0.29
2018-04-15,22,0.24
2018-04-15,23,0.15
2018-04-16,00,0.11
2018-04-16,01,0.1
2018-04-16,02,0.1
2018-04-16,03,0.1
2018-04-16,04,0.12
2018-04-16,05,0.08
2018-04-16,06,0.11
2018-04-16,07,0.15
2018-04-16,08,0.25
2018-04-16,09,0.1
2018-04-16,10,0.19
2018-04-16,11,0.14
2018-04-16,12,0.11
2018-04-16,13,0.12
2018-04-16,14,0.11
2018-04-16,15,0.08
2018-04-16,16,0.12
2018-04-16,17,0.14
2018-04-16,18,0.26
2018-04-16,19,1
2018-04-16,20,0.38
2018-04-16,21,0.23
2018-04-16,22,0.12
2018-04-16,23,0.15
2018-04-17,00,0.1
2018-04-17,01,0.08
2018-04-17,02,0.1
2018-04-17,03,0.09
2018-04-17,04,0.13
2018-04-17,05,0.08
2018-04-17,06,0.09
2018-04-17,07,0.16
2018-04-17,08,0.18
2018-04-17,09,0.09
2018-04-17,10,0.09
2018-04-17,11,0.09
2018-04-17,12,0.08
2018-04-17,13,0.09
2018-04-17,14,0.09
2018-04-17,15,0.11
2018-04-17,16,0.1
2018-04-17,17,0.27
2018-04-17,18,0.27
2018-04-17,19,0.28
2018-04-17,20,0.32
2018-04-17,21,0.56
2018-04-17,22,0.36
2018-04-17,23,0.15
2018-04-18,00,0.1
2018-04-18,01,0.09
2018-04-18,02,0.09
2018-04-18,03,0.09
2018-04-18,04,0.09
2018-04-18,05,0.09
2018-04-18,06,0.11
2018-04-18,07,0.09
2018-04-18,08,0.25
2018-04-18,09,0.09
2018-04-18,10,0.09
2018-04-18,11,0.09
2018-04-18,12,0.09
2018-04-18,13,0.08
2018-04-18,14,0.1
2018-04-18,15,0.09
2018-04-18,16,0.2
2018-04-18,17,0.3
2018-04-18,18,0.22
2018-04-18,19,0.28
2018-04-18,20,0.36
2018-04-18,21,0.35
2018-04-18,22,0.33
2018-04-18,23,0.22
2018-04-19,00,0.11
2018-04-19,01,0.1
2018-04-19,02,0.1
2018-04-19,03,0.1
2018-04-19,04,0.09
2018-04-19,05,0.09
2018-04-19,06,0.1
2018-04-19,07,0.15
2018-04-19,08,0.18
2018-04-19,09,0.09
2018-04-19,10,0.09
2018-04-19,11,0.1
2018-04-19,12,0.09
2018-04-19,13,0.09
2018-04-19,14,0.09
2018-04-19,15,0.1
2018-04-19,16,0.13
2018-04-19,17,0.21
2018-04-19,18,0.68
2018-04-19,19,0.27
2018-04-19,20,0.3
2018-04-19,21,0.22
2018-04-19,22,0.22
2018-04-19,23,0.19
2018-04-20,00,0.14
2018-04-20,01,0.11
2018-04-20,02,0.09
2018-04-20,03,0.09
2018-04-20,04,0.1
2018-04-20,05,0.1
2018-04-20,06,0.1
2018-04-20,07,0.14
2018-04-20,08,0.17
2018-04-20,09,0.1
2018-04-20,10,0.1
2018-04-20,11,0.09
2018-04-20,12,0.09
2018-04-20,13,0.1
2018-04-20,14,0.1
2018-04-20,15,0.1
2018-04-20,16,0.18
2018-04-20,17,0.25
2018-04-20,18,0.28
2018-04-20,19,0.53
2018-04-20,20,0.59
2018-04-20,21,0.98
2018-04-20,22,2.57
2018-04-20,23,0.47
2018-04-21,00,0.28
2018-04-21,01,0.21
2018-04-21,02,0.1
2018-04-21,03,0.09
2018-04-21,04,0.12
2018-04-21,05,0.11
2018-04-21,06,0.1
2018-04-21,07,0.1
2018-04-21,08,0.18
2018-04-21,09,0.15
2018-04-21,10,0.14
2018-04-21,11,0.11
2018-04-21,12,0.17
2018-04-21,13,0.24
2018-04-21,14,0.27
2018-04-21,15,0.63
2018-04-21,16,0.23
2018-04-21,17,0.24
2018-04-21,18,0.21
2018-04-21,19,0.12
2018-04-21,20,0.1
2018-04-21,21,0.17
2018-04-21,22,0.39
2018-04-21,23,0.33
2018-04-22,00,0.18
2018-04-22,01,0.14
2018-04-22,02,0.1
2018-04-22,03,0.1
2018-04-22,04,0.12
2018-04-22,05,0.1
2018-04-22,06,0.1
2018-04-22,07,0.1
2018-04-22,08,0.09
2018-04-22,09,0.09
2018-04-22,10,0.48
2018-04-22,11,1.18
2018-04-22,12,0.66
2018-04-22,13,0.24
2018-04-22,14,0.31
2018-04-22,15,0.29
2018-04-22,16,0.69
2018-04-22,17,0.56
2018-04-22,18,0.34
2018-04-22,19,0.49
2018-04-22,20,0.27
2018-04-22,21,0.46
2018-04-22,22,0.64
2018-04-22,23,2.3
2018-04-23,00,0.14
2018-04-23,01,0.11
2018-04-23,02,0.1
2018-04-23,03,0.1
2018-04-23,04,0.11
2018-04-23,05,0.1
2018-04-23,06,0.1
2018-04-23,07,0.12
2018-04-23,08,0.26
2018-04-23,09,0.1
2018-04-23,10,0.1
2018-04-23,11,0.1
2018-04-23,12,0.09
2018-04-23,13,0.1
2018-04-23,14,0.1
2018-04-23,15,0.1
2018-04-23,16,0.1
2018-04-23,17,0.13
2018-04-23,18,0.37
2018-04-23,19,0.65
2018-04-23,20,0.31
2018-04-23,21,0.28
2018-04-23,22,0.22
2018-04-23,23,0.19
2018-04-24,00,0.11
2018-04-24,01,0.1
2018-04-24,02,0.1
2018-04-24,03,0.09
2018-04-24,04,0.1
2018-04-24,05,0.1
2018-04-24,06,0.1
2018-04-24,07,0.13
2018-04-24,08,0.26
2018-04-24,09,0.09
2018-04-24,10,0.1
2018-04-24,11,0.1
2018-04-24,12,0.1
2018-04-24,13,0.09
2018-04-24,14,0.09
2018-04-24,15,0.21
2018-04-24,16,0.1
2018-04-24,17,0.1
2018-04-24,18,0.09
2018-04-24,19,0.09
2018-04-24,20,1.79
2018-04-24,21,0.57
2018-04-24,22,0.23
2018-04-24,23,0.21
2018-04-25,00,0.15
2018-04-25,01,0.1
2018-04-25,02,0.11
2018-04-25,03,0.11
2018-04-25,04,0.12
2018-04-25,05,0.1
2018-04-25,06,0.1
2018-04-25,07,0.13
2018-04-25,08,0.18
2018-04-25,09,0.09
2018-04-25,10,0.1
2018-04-25,11,0.1
2018-04-25,12,0.1
2018-04-25,13,0.09
2018-04-25,14,0.09
2018-04-25,15,0.11
2018-04-25,16,0.11
2018-04-25,17,0.14
2018-04-25,18,0.13
2018-04-25,19,0.64
2018-04-25,20,0.86
2018-04-25,21,0.2
2018-04-25,22,0.17
2018-04-25,23,0.12
2018-04-26,00,0.11
2018-04-26,01,0.11
2018-04-26,02,0.1
2018-04-26,03,0.1
2018-04-26,04,0.12
2018-04-26,05,0.1
2018-04-26,06,0.1
2018-04-26,07,0.13
2018-04-26,08,0.27
2018-04-26,09,0.09
2018-04-26,10,0.1
2018-04-26,11,0.1
2018-04-26,12,0.1
2018-04-26,13,0.09
2018-04-26,14,0.09
2018-04-26,15,0.11
2018-04-26,16,0.1
2018-04-26,17,0.11
2018-04-26,18,0.74
2018-04-26,19,0.66
2018-04-26,20,0.32
2018-04-26,21,0.35
2018-04-26,22,0.21
2018-04-26,23,0.11
2018-04-27,00,0.11
2018-04-27,01,0.11
2018-04-27,02,0.11
2018-04-27,03,0.1
2018-04-27,04,0.1
2018-04-27,05,0.1
2018-04-27,06,0.1
2018-04-27,07,0.12
2018-04-27,08,0.29
2018-04-27,09,0.09
2018-04-27,10,0.1
2018-04-27,11,0.11
2018-04-27,12,0.1
2018-04-27,13,0.1
2018-04-27,14,0.09
2018-04-27,15,0.1
2018-04-27,16,0.26
2018-04-27,17,0.25
2018-04-27,18,0.2
2018-04-27,19,0.22
2018-04-27,20,0.2
2018-04-27,21,0.23
2018-04-27,22,0.24
2018-04-27,23,0.24
2018-04-28,00,0.21
2018-04-28,01,0.17
2018-04-28,02,0.11
2018-04-28,03,0.1
2018-04-28,04,
2018-04-28,05,0.09
2018-04-28,06,0.1
2018-04-28,07,0.1
2018-04-28,08,0.1
2018-04-28,09,0.18
2018-04-28,10,0.32
2018-04-28,11,0.54
2018-04-28,12,0.43
2018-04-28,13,0.27
2018-04-28,14,0.31
2018-04-28,15,0.32
2018-04-28,16,0.35
2018-04-28,17,0.28
2018-04-28,18,0.25
2018-04-28,19,0.27
2018-04-28,20,0.34
2018-04-28,21,0.37
2018-04-28,22,0.59
2018-04-28,23,0.63
2018-04-29,00,0.23
2018-04-29,01,0.23
2018-04-29,02,0.22
2018-04-29,03,0.22
2018-04-29,04,0.21
2018-04-29,05,0.28
2018-04-29,06,0.26
2018-04-29,07,0.13
2018-04-29,08,0.1
2018-04-29,09,0.1
2018-04-29,10,0.1
2018-04-29,11,0.64
2018-04-29,12,1.38
2018-04-29,13,0.6
2018-04-29,14,0.37
2018-04-29,15,0.49
2018-04-29,16,0.61
2018-04-29,17,2.92
2018-04-29,18,2.51
2018-04-29,19,1.68
2018-04-29,20,0.36
2018-04-29,21,0.66
2018-04-29,22,0.22
2018-04-29,23,0.12
2018-04-30,00,0.1
2018-04-30,01,0.1
2018-04-30,02,0.11
2018-04-30,03,0.11
2018-04-30,04,0.13
2018-04-30,05,0.1
2018-04-30,06,0.09
2018-04-30,07,0.18
2018-04-30,08,0.28
2018-04-30,09,0.11
2018-04-30,10,0.13
2018-04-30,11,0.19
2018-04-30,12,0.12
2018-04-30,13,0.1
2018-04-30,14,0.11
2018-04-30,15,0.12
2018-04-30,16,0.09
2018-04-30,17,0.42
2018-04-30,18,0.49
2018-04-30,19,0.22
2018-04-30,20,0.27
2018-04-30,21,0.32
2018-04-30,22,0.26
2018-04-30,23,0.13
2018-05-01,00,0.12
2018-05-01,01,0.1
2018-05-01,02,0.1
2018-05-01,03,0.11
2018-05-01,04,0.13
2018-05-01,05,0.11
2018-05-01,06,0.09
2018-05-01,07,0.12
2018-05-01,08,0.29
2018-05-01,09,0.1
2018-05-01,10,0.09
2018-05-01,11,0.1
2018-05-01,12,0.1
2018-05-01,13,0.1
2018-05-01,14,0.1
2018-05-01,15,0.11
2018-05-01,16,0.1
2018-05-01,17,0.1
2018-05-01,18,0.1
2018-05-01,19,0.09
2018-05-01,20,0.1
2018-05-01,21,0.2
2018-05-01,22,0.15
2018-05-01,23,0.1
2018-05-02,00,0.11
2018-05-02,01,0.21
2018-05-02,02,0.11
2018-05-02,03,0.11
2018-05-02,04,0.12
2018-05-02,05,0.1
2018-05-02,06,0.1
2018-05-02,07,0.11
2018-05-02,08,0.28
2018-05-02,09,0.1
2018-05-02,10,0.09
2018-05-02,11,0.1
2018-05-02,12,0.1
2018-05-02,13,0.09
2018-05-02,14,0.1
2018-05-02,15,0.12
2018-05-02,16,0.11
2018-05-02,17,0.09
2018-05-02,18,0.2
2018-05-02,19,0.46
2018-05-02,20,0.29
2018-05-02,21,0.27
2018-05-02,22,0.24
2018-05-02,23,0.16
2018-05-03,00,0.11
2018-05-03,01,0.11
2018-05-03,02,0.12
2018-05-03,03,0.11
2018-05-03,04,0.13
2018-05-03,05,0.1
2018-05-03,06,0.11
2018-05-03,07,0.13
2018-05-03,08,0.28
2018-05-03,09,0.2
2018-05-03,10,0.13
2018-05-03,11,0.1
2018-05-03,12,0.11
2018-05-03,13,0.1
2018-05-03,14,0.1
2018-05-03,15,0.11
2018-05-03,16,0.1
2018-05-03,17,0.15
2018-05-03,18,0.29
2018-05-03,19,0.21
2018-05-03,20,1.94
2018-05-03,21,1.11
2018-05-03,22,2.25
2018-05-03,23,0.55
2018-05-04,00,0.1
2018-05-04,01,0.1
2018-05-04,02,0.1
2018-05-04,03,0.1
2018-05-04,04,0.11
2018-05-04,05,0.09
2018-05-04,06,0.1
2018-05-04,07,0.13
2018-05-04,08,0.26
2018-05-04,09,0.12
2018-05-04,10,0.1
2018-05-04,11,0.09
2018-05-04,12,0.09
2018-05-04,13,0.1
2018-05-04,14,0.1
2018-05-04,15,0.12
2018-05-04,16,0.11
2018-05-04,17,0.26
2018-05-04,18,0.34
2018-05-04,19,0.34
2018-05-04,20,0.61
2018-05-04,21,0.26
2018-05-04,22,0.23
2018-05-04,23,0.12
2018-05-05,00,0.1
2018-05-05,01,0.1
2018-05-05,02,0.1
2018-05-05,03,0.1
2018-05-05,04,0.09
2018-05-05,05,0.09
2018-05-05,06,0.09
2018-05-05,07,0.09
2018-05-05,08,0.09
2018-05-05,09,0.09
2018-05-05,10,0.1
2018-05-05,11,0.09
2018-05-05,12,0.09
2018-05-05,13,0.09
2018-05-05,14,0.1
2018-05-05,15,0.1
2018-05-05,16,0.1
2018-05-05,17,0.09
2018-05-05,18,0.1
2018-05-05,19,0.09
2018-05-05,20,0.09
2018-05-05,21,0.09
2018-05-05,22,0.1
2018-05-05,23,0.09
2018-05-06,00,0.1
2018-05-06,01,0.09
2018-05-06,02,0.1
2018-05-06,03,0.1
2018-05-06,04,0.09
2018-05-06,05,0.09
2018-05-06,06,0.09
2018-05-06,07,0.09
2018-05-06,08,0.1
2018-05-06,09,0.1
2018-05-06,10,0.09
2018-05-06,11,0.1
2018-05-06,12,0.09
2018-05-06,13,0.09
2018-05-06,14,0.09
2018-05-06,15,0.1
2018-05-06,16,0.1
2018-05-06,17,0.1
2018-05-06,18,0.1
2018-05-06,19,0.1
2018-05-06,20,0.09
2018-05-06,21,0.1
2018-05-06,22,0.1
2018-05-06,23,0.09
2018-05-07,00,0.09
2018-05-07,01,0.09
2018-05-07,02,0.1
2018-05-07,03,0.1
2018-05-07,04,0.1
2018-05-07,05,0.09
2018-05-07,06,0.1
2018-05-07,07,0.09
2018-05-07,08,0.09
2018-05-07,09,0.09
2018-05-07,10,0.09
2018-05-07,11,0.09
2018-05-07,12,0.09
2018-05-07,13,0.1
2018-05-07,14,0.1
2018-05-07,15,0.09
2018-05-07,16,0.1
2018-05-07,17,0.09
2018-05-07,18,0.1
2018-05-07,19,0.09
2018-05-07,20,0.09
2018-05-07,21,0.09
2018-05-07,22,0.1
2018-05-07,23,0.09
2018-05-08,00,0.1
2018-05-08,01,0.09
2018-05-08,02,0.1
2018-05-08,03,0.1
2018-05-08,04,0.1
2018-05-08,05,0.09
2018-05-08,06,0.09
2018-05-08,07,0.09
2018-05-08,08,0.09
2018-05-08,09,0.1
2018-05-08,10,0.09
2018-05-08,11,0.1
2018-05-08,12,0.1
2018-05-08,13,0.09
2018-05-08,14,0.1
2018-05-08,15,0.1
2018-05-08,16,0.09
2018-05-08,17,0.09
2018-05-08,18,0.09
2018-05-08,19,0.09
2018-05-08,20,0.12
2018-05-08,21,0.1
2018-05-08,22,0.09
2018-05-08,23,0.09
2018-05-09,00,0.1
2018-05-09,01,0.09
2018-05-09,02,0.1
2018-05-09,03,0.09
2018-05-09,04,0.09
2018-05-09,05,0.09
2018-05-09,06,0.09
2018-05-09,07,0.1
2018-05-09,08,0.1
2018-05-09,09,0.09
2018-05-09,10,0.09
2018-05-09,11,0.09
2018-05-09,12,0.1
2018-05-09,13,0.09
2018-05-09,14,0.09
2018-05-09,15,0.09
2018-05-09,16,0.09
2018-05-09,17,0.09
2018-05-09,18,0.1
2018-05-09,19,0.1
2018-05-09,20,0.09
2018-05-09,21,0.1
2018-05-09,22,0.1
2018-05-09,23,0.09
2018-05-10,00,0.09
2018-05-10,01,0.09
2018-05-10,02,0.09
2018-05-10,03,0.1
2018-05-10,04,0.09
2018-05-10,05,0.1
2018-05-10,06,0.09
2018-05-10,07,0.09
2018-05-10,08,0.09
2018-05-10,09,0.09
2018-05-10,10,0.09
2018-05-10,11,0.09
2018-05-10,12,0.1
2018-05-10,13,0.09
2018-05-10,14,0.09
2018-05-10,15,0.1
2018-05-10,16,0.09
2018-05-10,17,0.09
2018-05-10,18,0.09
2018-05-10,19,0.09
2018-05-10,20,0.09
2018-05-10,21,0.09
2018-05-10,22,0.09
2018-05-10,23,0.1
2018-05-11,00,0.09
2018-05-11,01,0.1
2018-05-11,02,0.09
2018-05-11,03,0.09
2018-05-11,04,0.09
2018-05-11,05,0.09
2018-05-11,06,0.09
2018-05-11,07,0.09
2018-05-11,08,0.09
2018-05-11,09,0.09
2018-05-11,10,0.09
2018-05-11,11,0.09
2018-05-11,12,0.09
2018-05-11,13,0.09
2018-05-11,14,0.09
2018-05-11,15,0.09
2018-05-11,16,0.09
2018-05-11,17,0.1
2018-05-11,18,0.09
2018-05-11,19,0.1
2018-05-11,20,0.1
2018-05-11,21,0.09
2018-05-11,22,0.09
2018-05-11,23,0.09
2018-05-12,00,0.09
2018-05-12,01,0.2
2018-05-12,02,0.13
2018-05-12,03,0.1
2018-05-12,04,0.1
2018-05-12,05,0.1
2018-05-12,06,0.09
2018-05-12,07,0.09
2018-05-12,08,0.09
2018-05-12,09,0.1
2018-05-12,10,0.1
2018-05-12,11,0.1
2018-05-12,12,0.09
2018-05-12,13,0.09
2018-05-12,14,0.09
2018-05-12,15,0.1
2018-05-12,16,0.1
2018-05-12,17,0.1
2018-05-12,18,0.1
2018-05-12,19,0.1
2018-05-12,20,0.1
2018-05-12,21,0.1
2018-05-12,22,0.09
2018-05-12,23,0.09
2018-05-13,00,0.1
2018-05-13,01,0.1
2018-05-13,02,0.1
2018-05-13,03,0.1
2018-05-13,04,0.1
2018-05-13,05,0.1
2018-05-13,06,0.09
2018-05-13,07,0.09
2018-05-13,08,0.09
2018-05-13,09,0.09
2018-05-13,10,0.09
2018-05-13,11,0.1
2018-05-13,12,0.1
2018-05-13,13,0.1
2018-05-13,14,0.1
2018-05-13,15,0.1
2018-05-13,16,0.09
2018-05-13,17,0.09
2018-05-13,18,0.1
2018-05-13,19,0.09
2018-05-13,20,0.1
2018-05-13,21,0.1
2018-05-13,22,0.1
2018-05-13,23,0.1
2018-05-14,00,0.1
2018-05-14,01,0.1
2018-05-14,02,0.1
2018-05-14,03,0.1
2018-05-14,04,0.1
2018-05-14,05,0.09
2018-05-14,06,0.09
2018-05-14,07,0.09
2018-05-14,08,0.1
2018-05-14,09,0.1
2018-05-14,10,0.1
2018-05-14,11,0.1
2018-05-14,12,0.1
2018-05-14,13,0.1
2018-05-14,14,0.1
2018-05-14,15,0.1
2018-05-14,16,0.09
2018-05-14,17,0.09
2018-05-14,18,0.1
2018-05-14,19,0.1
2018-05-14,20,0.1
2018-05-14,21,0.1
2018-05-14,22,0.1
2018-05-14,23,0.1
2018-05-15,00,0.1
2018-05-15,01,0.1
2018-05-15,02,0.1
2018-05-15,03,0.1
2018-05-15,04,0.1
2018-05-15,05,0.1
2018-05-15,06,0.1
2018-05-15,07,0.09
2018-05-15,08,0.09
2018-05-15,09,0.1
2018-05-15,10,0.1
2018-05-15,11,0.1
2018-05-15,12,0.1
2018-05-15,13,0.1
2018-05-15,14,0.1
2018-05-15,15,0.1
2018-05-15,16,0.1
2018-05-15,17,0.1
2018-05-15,18,0.1
2018-05-15,19,0.1
2018-05-15,20,0.1
2018-05-15,21,0.1
2018-05-15,22,0.1
2018-05-15,23,0.09
2018-05-16,00,0.1
2018-05-16,01,0.1
2018-05-16,02,0.1
2018-05-16,03,0.1
2018-05-16,04,0.1
2018-05-16,05,0.1
2018-05-16,06,0.1
2018-05-16,07,0.1
2018-05-16,08,0.1
2018-05-16,09,0.1
2018-05-16,10,0.09
2018-05-16,11,0.1
2018-05-16,12,0.09
2018-05-16,13,0.09
2018-05-16,14,0.09
2018-05-16,15,0.1
2018-05-16,16,0.1
2018-05-16,17,0.1
2018-05-16,18,0.1
2018-05-16,19,0.1
2018-05-16,20,0.1
2018-05-16,21,0.1
2018-05-16,22,0.1
2018-05-16,23,0.1
2018-05-17,00,0.1
2018-05-17,01,0.1
2018-05-17,02,0.1
2018-05-17,03,0.1
2018-05-17,04,0.1
2018-05-17,05,0.1
2018-05-17,06,0.09
2018-05-17,07,0.09
2018-05-17,08,0.09
2018-05-17,09,0.09
2018-05-17,10,0.09
2018-05-17,11,0.1
2018-05-17,12,0.1
2018-05-17,13,0.1
2018-05-17,14,0.09
2018-05-17,15,0.1
2018-05-17,16,0.09
2018-05-17,17,0.1
2018-05-17,18,0.1
2018-05-17,19,0.1
2018-05-17,20,0.1
2018-05-17,21,0.09
2018-05-17,22,0.09
2018-05-17,23,0.1
2018-05-18,00,0.09
2018-05-18,01,0.09
2018-05-18,02,0.1
2018-05-18,03,0.1
2018-05-18,04,0.1
2018-05-18,05,0.1
2018-05-18,06,0.1
2018-05-18,07,0.09
2018-05-18,08,0.1
2018-05-18,09,0.1
2018-05-18,10,0.09
2018-05-18,11,0.1
2018-05-18,12,0.09
2018-05-18,13,0.09
2018-05-18,14,0.09
2018-05-18,15,0.09
2018-05-18,16,0.1
2018-05-18,17,0.09
2018-05-18,18,0.1
2018-05-18,19,0.19
2018-05-18,20,0.14
2018-05-18,21,0.12
2018-05-18,22,0.1
2018-05-18,23,0.09
2018-05-19,00,0.09
2018-05-19,01,0.09
2018-05-19,02,0.09
2018-05-19,03,0.1
2018-05-19,04,0.1
2018-05-19,05,0.1
2018-05-19,06,0.1
2018-05-19,07,0.09
2018-05-19,08,0.1
2018-05-19,09,0.09
2018-05-19,10,0.09
2018-05-19,11,0.09
2018-05-19,12,0.09
2018-05-19,13,0.1
2018-05-19,14,0.09
2018-05-19,15,0.1
2018-05-19,16,0.1
2018-05-19,17,0.1
2018-05-19,18,0.1
2018-05-19,19,0.1
2018-05-19,20,0.09
2018-05-19,21,0.09
2018-05-19,22,0.09
2018-05-19,23,0.09
2018-05-20,00,0.1
2018-05-20,01,0.1
2018-05-20,02,0.1
2018-05-20,03,0.1
2018-05-20,04,0.1
2018-05-20,05,0.1
2018-05-20,06,0.1
2018-05-20,07,0.09
2018-05-20,08,0.09
2018-05-20,09,0.09
2018-05-20,10,0.09
2018-05-20,11,0.1
2018-05-20,12,0.1
2018-05-20,13,0.09
2018-05-20,14,0.1
2018-05-20,15,0.1
2018-05-20,16,0.1
2018-05-20,17,0.1
2018-05-20,18,0.1
2018-05-20,19,0.09
2018-05-20,20,0.1
2018-05-20,21,0.09
2018-05-20,22,0.09
2018-05-20,23,0.1
2018-05-21,00,0.1
2018-05-21,01,0.1
2018-05-21,02,0.1
2018-05-21,03,0.1
2018-05-21,04,0.1
2018-05-21,05,0.1
2018-05-21,06,0.09
2018-05-21,07,0.09
2018-05-21,08,0.09
2018-05-21,09,0.09
2018-05-21,10,0.1
2018-05-21,11,0.1
2018-05-21,12,0.1
2018-05-21,13,0.09
2018-05-21,14,0.1
2018-05-21,15,0.1
2018-05-21,16,0.1
2018-05-21,17,0.1
2018-05-21,18,0.09
2018-05-21,19,0.09
2018-05-21,20,0.09
2018-05-21,21,0.1
2018-05-21,22,0.1
2018-05-21,23,0.1
2018-05-22,00,0.1
2018-05-22,01,0.1
2018-05-22,02,0.1
2018-05-22,03,0.1
2018-05-22,04,0.1
2018-05-22,05,0.1
2018-05-22,06,0.09
2018-05-22,07,0.09
2018-05-22,08,0.1
2018-05-22,09,0.1
2018-05-22,10,0.1
2018-05-22,11,0.1
2018-05-22,12,0.1
2018-05-22,13,0.1
2018-05-22,14,0.1
2018-05-22,15,0.1
2018-05-22,16,0.1
2018-05-22,17,0.09
2018-05-22,18,0.09
2018-05-22,19,0.09
2018-05-22,20,0.1
2018-05-22,21,0.1
2018-05-22,22,0.1
2018-05-22,23,0.1
2018-05-23,00,0.1
2018-05-23,01,0.1
2018-05-23,02,0.1
2018-05-23,03,0.1
2018-05-23,04,0.09
2018-05-23,05,0.1
2018-05-23,06,0.1
2018-05-23,07,0.09
2018-05-23,08,0.1
2018-05-23,09,0.09
2018-05-23,10,0.1
2018-05-23,11,0.1
2018-05-23,12,0.1
2018-05-23,13,0.1
2018-05-23,14,0.09
2018-05-23,15,0.1
2018-05-23,16,0.1
2018-05-23,17,0.1
2018-05-23,18,0.1
2018-05-23,19,
2018-05-23,20,0.1
2018-05-23,21,0.1
2018-05-23,22,0.1
2018-05-23,23,0.1
2018-05-24,00,0.09
2018-05-24,01,0.1
2018-05-24,02,0.1
2018-05-24,03,0.1
2018-05-24,04,0.1
2018-05-24,05,0.1
2018-05-24,06,0.09
2018-05-24,07,0.1
2018-05-24,08,0.09
2018-05-24,09,0.1
2018-05-24,10,0.1
2018-05-24,11,0.1
2018-05-24,12,0.09
2018-05-24,13,0.1
2018-05-24,14,0.1
2018-05-24,15,0.09
2018-05-24,16,0.1
2018-05-24,17,0.09
2018-05-24,18,0.09
2018-05-24,19,0.1
2018-05-24,20,0.1
2018-05-24,21,0.1
2018-05-24,22,0.1
2018-05-24,23,0.1
2018-05-25,00,0.1
2018-05-25,01,0.1
2018-05-25,02,0.1
2018-05-25,03,0.1
2018-05-25,04,0.1
2018-05-25,05,0.1
2018-05-25,06,0.1
2018-05-25,07,0.1
2018-05-25,08,0.09
2018-05-25,09,0.09
2018-05-25,10,0.1
2018-05-25,11,0.1
2018-05-25,12,0.09
2018-05-25,13,0.2
2018-05-25,14,0.14
2018-05-25,15,0.12
2018-05-25,16,0.1
2018-05-25,17,0.1
2018-05-25,18,0.1
2018-05-25,19,0.09
2018-05-25,20,0.09
2018-05-25,21,0.1
2018-05-25,22,0.1
2018-05-25,23,0.1
2018-05-26,00,0.1
2018-05-26,01,0.1
2018-05-26,02,0.1
2018-05-26,03,0.1
2018-05-26,04,0.1
2018-05-26,05,0.1
2018-05-26,06,0.1
2018-05-26,07,0.09
2018-05-26,08,0.09
2018-05-26,09,0.09
2018-05-26,10,0.09
2018-05-26,11,0.09
2018-05-26,12,0.09
2018-05-26,13,0.1
2018-05-26,14,0.1
2018-05-26,15,0.1
2018-05-26,16,0.1
2018-05-26,17,0.1
2018-05-26,18,0.1
2018-05-26,19,0.1
2018-05-26,20,0.1
2018-05-26,21,0.1
2018-05-26,22,0.09
2018-05-26,23,0.1
2018-05-27,00,0.09
2018-05-27,01,0.1
2018-05-27,02,0.1
2018-05-27,03,0.11
2018-05-27,04,0.1
2018-05-27,05,0.1
2018-05-27,06,0.1
2018-05-27,07,0.1
2018-05-27,08,0.09
2018-05-27,09,0.1
2018-05-27,10,0.09
2018-05-27,11,0.09
2018-05-27,12,0.09
2018-05-27,13,0.1
2018-05-27,14,0.1
2018-05-27,15,0.1
2018-05-27,16,0.1
2018-05-27,17,0.1
2018-05-27,18,0.1
2018-05-27,19,0.1
2018-05-27,20,0.31
2018-05-27,21,0.88
2018-05-27,22,2.76
2018-05-27,23,1.02
2018-05-28,00,0.24
2018-05-28,01,0.29
2018-05-28,02,0.16
2018-05-28,03,0.12
2018-05-28,04,0.11
2018-05-28,05,0.1
2018-05-28,06,0.21
2018-05-28,07,0.28
2018-05-28,08,0.37
2018-05-28,09,0.1
2018-05-28,10,0.1
2018-05-28,11,0.1
2018-05-28,12,0.19
2018-05-28,13,0.78
2018-05-28,14,2.01
2018-05-28,15,0.48
2018-05-28,16,0.31
2018-05-28,17,0.29
2018-05-28,18,0.32
2018-05-28,19,0.3
2018-05-28,20,0.6
2018-05-28,21,0.73
2018-05-28,22,0.35
2018-05-28,23,0.25
2018-05-29,00,0.1
2018-05-29,01,0.11
2018-05-29,02,0.11
2018-05-29,03,0.11
2018-05-29,04,0.1
2018-05-29,05,0.1
2018-05-29,06,0.17
2018-05-29,07,0.13
2018-05-29,08,0.28
2018-05-29,09,0.12
2018-05-29,10,0.21
2018-05-29,11,0.1
2018-05-29,12,0.11
2018-05-29,13,0.11
2018-05-29,14,0.11
2018-05-29,15,0.11
2018-05-29,16,0.09
2018-05-29,17,0.1
2018-05-29,18,0.11
2018-05-29,19,0.1
2018-05-29,20,0.45
2018-05-29,21,0.51
2018-05-29,22,0.36
2018-05-29,23,0.34
2018-05-30,00,0.14
2018-05-30,01,0.12
2018-05-30,02,0.12
2018-05-30,03,0.11
2018-05-30,04,0.1
2018-05-30,05,0.12
2018-05-30,06,0.18
2018-05-30,07,0.27
2018-05-30,08,0.1
2018-05-30,09,0.09
2018-05-30,10,0.1
2018-05-30,11,0.1
2018-05-30,12,0.1
2018-05-30,13,0.09
2018-05-30,14,0.1
2018-05-30,15,0.1
2018-05-30,16,0.13
2018-05-30,17,0.97
2018-05-30,18,0.71
2018-05-30,19,0.38
2018-05-30,20,0.25
2018-05-30,21,0.13
2018-05-30,22,0.11
2018-05-30,23,0.09
2018-05-31,00,0.11
2018-05-31,01,0.1
2018-05-31,02,0.1
2018-05-31,03,0.09
2018-05-31,04,0.11
2018-05-31,05,0.1
2018-05-31,06,0.34
2018-05-31,07,0.35
2018-05-31,08,0.11
2018-05-31,09,0.09
2018-05-31,10,0.1
2018-05-31,11,0.1
2018-05-31,12,0.09
2018-05-31,13,0.09
2018-05-31,14,0.1
2018-05-31,15,0.1
2018-05-31,16,0.11
2018-05-31,17,0.31
2018-05-31,18,0.89
2018-05-31,19,0.43
2018-05-31,20,0.31
2018-05-31,21,0.45
2018-05-31,22,0.27
2018-05-31,23,0.12
2018-06-01,00,0.11
2018-06-01,01,0.1
2018-06-01,02,0.1
2018-06-01,03,0.11
2018-06-01,04,0.09
2018-06-01,05,0.11
2018-06-01,06,0.1
2018-06-01,07,0.18
2018-06-01,08,0.29
2018-06-01,09,0.11
2018-06-01,10,0.09
2018-06-01,11,0.1
2018-06-01,12,0.1
2018-06-01,13,0.1
2018-06-01,14,0.11
2018-06-01,15,0.11
2018-06-01,16,0.1
2018-06-01,17,0.22
2018-06-01,18,0.45
2018-06-01,19,0.3
2018-06-01,20,0.33
2018-06-01,21,0.21
2018-06-01,22,0.12
2018-06-01,23,0.1
2018-06-02,00,0.12
2018-06-02,01,0.37
2018-06-02,02,0.19
2018-06-02,03,0.19
2018-06-02,04,0.11
2018-06-02,05,0.09
2018-06-02,06,0.1
2018-06-02,07,0.1
2018-06-02,08,0.29
2018-06-02,09,0.12
2018-06-02,10,1.12
2018-06-02,11,0.67
2018-06-02,12,0.74
2018-06-02,13,0.28
2018-06-02,14,0.24
2018-06-02,15,0.35
2018-06-02,16,0.33
2018-06-02,17,0.29
2018-06-02,18,0.3
2018-06-02,19,0.31
2018-06-02,20,0.27
2018-06-02,21,0.73
2018-06-02,22,0.31
2018-06-02,23,0.21
2018-06-03,00,0.11
2018-06-03,01,0.16
2018-06-03,02,0.18
2018-06-03,03,0.12
2018-06-03,04,0.11
2018-06-03,05,0.09
2018-06-03,06,0.13
2018-06-03,07,0.16
2018-06-03,08,0.44
2018-06-03,09,0.37
2018-06-03,10,0.34
2018-06-03,11,0.33
2018-06-03,12,0.37
2018-06-03,13,0.23
2018-06-03,14,0.24
2018-06-03,15,0.25
2018-06-03,16,1.02
2018-06-03,17,0.66
2018-06-03,18,0.45
2018-06-03,19,0.64
2018-06-03,20,0.23
2018-06-03,21,0.19
2018-06-03,22,0.15
2018-06-03,23,0.19
2018-06-04,00,0.15
2018-06-04,01,0.09
2018-06-04,02,0.11
2018-06-04,03,0.1
2018-06-04,04,0.1
2018-06-04,05,0.1
2018-06-04,06,0.18
2018-06-04,07,0.44
2018-06-04,08,0.14
2018-06-04,09,0.11
2018-06-04,10,0.09
2018-06-04,11,0.1
2018-06-04,12,0.1
2018-06-04,13,0.09
2018-06-04,14,0.11
2018-06-04,15,0.11
2018-06-04,16,0.11
2018-06-04,17,0.81
2018-06-04,18,0.3
2018-06-04,19,0.38
2018-06-04,20,0.28
2018-06-04,21,0.48
2018-06-04,22,0.21
2018-06-04,23,0.13
2018-06-05,00,
2018-06-05,01,
2018-06-05,02,
2018-06-05,03,
2018-06-05,04,
2018-06-05,05,
2018-06-05,06,
2018-06-05,07,
2018-06-05,08,
2018-06-05,09,
2018-06-05,10,
2018-06-05,11,
2018-06-05,12,
2018-06-05,13,
2018-06-05,14,
2018-06-05,15,
2018-06-05,16,
2018-06-05,17,
2018-06-05,18,
2018-06-05,19,
2018-06-05,20,
2018-06-05,21,
2018-06-05,22,
2018-06-05,23,
